pObject->fullCoverageAlg.algNum = clear generated map files on startup
-1
map lifecycle state = 0
version Debug V1.2.1.9 system begin
call back set!
Valid priority range for SCHED_RR: 1~99
let's init lcm...
udp group start
COOP_AVOID port check ok: udp port 7668 available before LCM create
set config 0.110000, 0.000000, 0.130000 ,max_range = 8.000000 , radius = 0.230000, width = 1.300000 ,search_x_m=0.200000,search_y_m = 0.200000,search_theta=0.261799
Main - Getting Map!
Sub-device is fetching map from main device, IP:192.168.107.173
Zip map attempt 1: Executing command: wget http://192.168.107.173:8000/zipedMap.txt -O /data/test/zipedMap.txt.tmp --timeout=60 --tries=1
--2026-06-14 07:07:08--  http://192.168.107.173:8000/zipedMap.txt
Connecting to 192.168.107.173:8000... connected.
HTTP request sent, awaiting response... 200 OK
Length: 122412 (120K) [text/plain]
Saving to: '/data/test/zipedMap.txt.tmp'

     0K .......... .......... .......... .......... .......... 41%  693K 0s
    50K .......... .......... .......... .......... .......... 83%  432K 0s
   100K .......... .........                                  100% 8.59M=0.2s

2026-06-14 07:07:09 (629 KB/s) - '/data/test/zipedMap.txt.tmp' saved [122412/122412]

Compressed map fetched and decoded successfully.
Map fetched; roadFile.txt will be generated locally from this robot's assigned area.
error name use defult name
load map
map lifecycle state = 3
initloc: x=0.000000,y=0.000000,t=0.000000
initloc,mode = 0
send wall****
load map /data/test/defultMap.txt
-------------------Receive A and B----------------------
A.x = -0.5, A.y = -0.2
B.x = 1.1, B.y = 1.05
(CoverageThreadProc)Create BCD full path points=60 rect=(890,895)-(922,920) robot=(900,902) stride=7
Create full path from (890, 895) to (922, 920) with robot at (900, 902), successfully
algNum1 = 2
g_NaviInterface.fullCoverageAlg.algNum = 2
---------------------------2025.8.8---------------------------
Robot 1 will follow full local coverage path with 60 points.
Turn point count: 26 -> Reduced from 60
[Turn 1/26] Navigating to Grid (0, 0) => World (0.00, 0.00)
Set goal start!
Set goal finished (case 2)!
map lifecycle state = 4
Set goal success!
m_waypoints is 1
waypoints.x = 0.000000, waypoints.y = 0.100000
Waiting for current navigation to complete...
Distance < 0.25 (from planPath)!
[Turn 2/26] Navigating to Grid (0, 0) => World (0.00, 0.00)
Set goal start!
Set goal finished (case 2)!
map lifecycle state = 4
Set goal success!
m_waypoints is 1
waypoints.x = 0.000000, waypoints.y = 0.300000
Waiting for current navigation to complete...
Distance < 0.25 (from planPath)!
[Turn 3/26] Navigating to Grid (-0, 0) => World (-0.35, 0.00)
Set goal start!
Set goal finished (case 2)!
map lifecycle state = 4
Set goal success!
m_waypoints is 1
waypoints.x = -0.350000, waypoints.y = 0.300000
Waiting for current navigation to complete...
gmapvalue = 0
ix = 893, iy = 906, GMapWidth = 1800, GMapHeight = 1800
ready for plan
gmapvalue = 0
ix = 893, iy = 906, GMapWidth = 1800, GMapHeight = 1800
target error in astarmap
fullpath_error=TARGET_STATIC_INVALID(1003)
check for target : error , 2
Previous target failed, skipping.
[Turn 4/26] Navigating to Grid (-0, 1) => World (-0.35, 0.00)
Set goal start!
Set goal finished (case 2)!
map lifecycle state = 4
Set goal success!
m_waypoints is 1
waypoints.x = -0.350000, waypoints.y = 1.000000
Waiting for current navigation to complete...
gmapvalue = 0
ix = 893, iy = 920, GMapWidth = 1800, GMapHeight = 1800
target dynamic blocked in lasermap3
fullpath_error=TARGET_DYNAMIC_BLOCKED_LASER(1004)
Target point temporarily blocked by dynamic map, hold and retry.
COOP_AVOID STATUS self=1 cmd=UNKNOWN(74) source=1 target=1 seq=0 state=NORMAL(0) retry=0 extra=257
COOP_AVOID TRIGGER self=1 cmd=POSE_REQUEST(-40) source=1 target=0 seq=1 state=WAIT_PEER_POSE(1) retry=0 extra=1
COOP_AVOID TX self=1 cmd=POSE_REQUEST(-40) source=1 target=0 seq=1 state=WAIT_PEER_POSE(1) retry=0 extra=1
gmapvalue = 0
ix = 893, iy = 920, GMapWidth = 1800, GMapHeight = 1800
target dynamic blocked in lasermap3
fullpath_error=TARGET_DYNAMIC_BLOCKED_LASER(1004)
Target point temporarily blocked by dynamic map, hold and retry.
COOP_AVOID RX self=1 cmd=POSE_RESPONSE(-39) source=0 target=1 seq=1 state=WAIT_PEER_POSE(1) retry=0 extra=0
COOP_AVOID TX self=1 cmd=ACK(-34) source=1 target=0 seq=1 state=WAIT_PEER_POSE(1) retry=0 extra=-39
COOP_AVOID STATUS self=1 cmd=UNKNOWN(74) source=1 target=1 seq=0 state=NORMAL(0) retry=0 extra=0
gmapvalue = 0
ix = 893, iy = 920, GMapWidth = 1800, GMapHeight = 1800
target dynamic blocked in lasermap3
fullpath_error=TARGET_DYNAMIC_BLOCKED_LASER(1004)
Target point temporarily blocked by dynamic map, hold and retry.
COOP_AVOID STATUS self=1 cmd=UNKNOWN(74) source=1 target=1 seq=0 state=NORMAL(0) retry=0 extra=257
COOP_AVOID TRIGGER self=1 cmd=POSE_REQUEST(-40) source=1 target=0 seq=2 state=WAIT_PEER_POSE(1) retry=0 extra=1
COOP_AVOID TX self=1 cmd=POSE_REQUEST(-40) source=1 target=0 seq=2 state=WAIT_PEER_POSE(1) retry=0 extra=1
COOP_AVOID RX self=1 cmd=ACK(-34) source=0 target=1 seq=2 state=WAIT_PEER_POSE(1) retry=0 extra=0
COOP_AVOID ACK_MATCH self=1 cmd=POSE_REQUEST(-40) source=0 target=1 seq=2 state=WAIT_PEER_POSE(1) retry=0 extra=0
COOP_AVOID RX self=1 cmd=POSE_RESPONSE(-39) source=0 target=1 seq=2 state=WAIT_PEER_POSE(1) retry=0 extra=0
COOP_AVOID TX self=1 cmd=ACK(-34) source=1 target=0 seq=2 state=WAIT_PEER_POSE(1) retry=0 extra=-39
COOP_AVOID STATUS self=1 cmd=UNKNOWN(74) source=1 target=1 seq=0 state=NORMAL(0) retry=0 extra=0
gmapvalue = 0
ix = 893, iy = 920, GMapWidth = 1800, GMapHeight = 1800
target dynamic blocked in lasermap3
fullpath_error=TARGET_DYNAMIC_BLOCKED_LASER(1004)
Target point temporarily blocked by dynamic map, hold and retry.
COOP_AVOID STATUS self=1 cmd=UNKNOWN(74) source=1 target=1 seq=0 state=NORMAL(0) retry=0 extra=257
COOP_AVOID TRIGGER self=1 cmd=POSE_REQUEST(-40) source=1 target=0 seq=3 state=WAIT_PEER_POSE(1) retry=0 extra=1
COOP_AVOID TX self=1 cmd=POSE_REQUEST(-40) source=1 target=0 seq=3 state=WAIT_PEER_POSE(1) retry=0 extra=1
COOP_AVOID RX self=1 cmd=ACK(-34) source=0 target=1 seq=3 state=WAIT_PEER_POSE(1) retry=0 extra=0
COOP_AVOID ACK_MATCH self=1 cmd=POSE_REQUEST(-40) source=0 target=1 seq=3 state=WAIT_PEER_POSE(1) retry=0 extra=0
gmapvalue = 0
ix = 893, iy = 920, GMapWidth = 1800, GMapHeight = 1800
target dynamic blocked in lasermap3
fullpath_error=TARGET_DYNAMIC_BLOCKED_LASER(1004)
Target point temporarily blocked by dynamic map, hold and retry.
COOP_AVOID RETRY self=1 cmd=POSE_REQUEST(-40) source=1 target=0 seq=3 state=WAIT_PEER_POSE(1) retry=1 extra=1
COOP_AVOID TX self=1 cmd=POSE_REQUEST(-40) source=1 target=0 seq=3 state=WAIT_PEER_POSE(1) retry=1 extra=1
COOP_AVOID RX self=1 cmd=ACK(-34) source=0 target=1 seq=3 state=WAIT_PEER_POSE(1) retry=0 extra=0
COOP_AVOID ACK_MATCH self=1 cmd=POSE_REQUEST(-40) source=0 target=1 seq=3 state=WAIT_PEER_POSE(1) retry=1 extra=0
COOP_AVOID RX self=1 cmd=POSE_RESPONSE(-39) source=0 target=1 seq=3 state=WAIT_PEER_POSE(1) retry=0 extra=0
COOP_AVOID TX self=1 cmd=ACK(-34) source=1 target=0 seq=3 state=WAIT_PEER_POSE(1) retry=0 extra=-39
COOP_AVOID STATUS self=1 cmd=UNKNOWN(74) source=1 target=1 seq=0 state=NORMAL(0) retry=0 extra=0
gmapvalue = 0
ix = 893, iy = 920, GMapWidth = 1800, GMapHeight = 1800
target dynamic blocked in lasermap3
fullpath_error=TARGET_DYNAMIC_BLOCKED_LASER(1004)
Target point temporarily blocked by dynamic map, hold and retry.
COOP_AVOID STATUS self=1 cmd=UNKNOWN(74) source=1 target=1 seq=0 state=NORMAL(0) retry=0 extra=257
COOP_AVOID TRIGGER self=1 cmd=POSE_REQUEST(-40) source=1 target=0 seq=4 state=WAIT_PEER_POSE(1) retry=0 extra=1
COOP_AVOID TX self=1 cmd=POSE_REQUEST(-40) source=1 target=0 seq=4 state=WAIT_PEER_POSE(1) retry=0 extra=1
COOP_AVOID RX self=1 cmd=ACK(-34) source=0 target=1 seq=4 state=WAIT_PEER_POSE(1) retry=0 extra=0
COOP_AVOID ACK_MATCH self=1 cmd=POSE_REQUEST(-40) source=0 target=1 seq=4 state=WAIT_PEER_POSE(1) retry=0 extra=0
COOP_AVOID RX self=1 cmd=POSE_RESPONSE(-39) source=0 target=1 seq=4 state=WAIT_PEER_POSE(1) retry=0 extra=0
COOP_AVOID TX self=1 cmd=ACK(-34) source=1 target=0 seq=4 state=WAIT_PEER_POSE(1) retry=0 extra=-39
COOP_AVOID STATUS self=1 cmd=UNKNOWN(74) source=1 target=1 seq=0 state=NORMAL(0) retry=0 extra=0
gmapvalue = 0
ix = 893, iy = 920, GMapWidth = 1800, GMapHeight = 1800
target dynamic blocked in lasermap3
fullpath_error=TARGET_DYNAMIC_BLOCKED_LASER(1004)
Target point temporarily blocked by dynamic map, hold and retry.
COOP_AVOID STATUS self=1 cmd=UNKNOWN(74) source=1 target=1 seq=0 state=NORMAL(0) retry=0 extra=257
COOP_AVOID TRIGGER self=1 cmd=POSE_REQUEST(-40) source=1 target=0 seq=5 state=WAIT_PEER_POSE(1) retry=0 extra=1
COOP_AVOID TX self=1 cmd=POSE_REQUEST(-40) source=1 target=0 seq=5 state=WAIT_PEER_POSE(1) retry=0 extra=1
COOP_AVOID RX self=1 cmd=ACK(-34) source=0 target=1 seq=5 state=WAIT_PEER_POSE(1) retry=0 extra=0
COOP_AVOID ACK_MATCH self=1 cmd=POSE_REQUEST(-40) source=0 target=1 seq=5 state=WAIT_PEER_POSE(1) retry=0 extra=0
COOP_AVOID RX self=1 cmd=POSE_RESPONSE(-39) source=0 target=1 seq=5 state=WAIT_PEER_POSE(1) retry=0 extra=0
COOP_AVOID TX self=1 cmd=ACK(-34) source=1 target=0 seq=5 state=WAIT_PEER_POSE(1) retry=0 extra=-39
COOP_AVOID STATUS self=1 cmd=UNKNOWN(74) source=1 target=1 seq=0 state=NORMAL(0) retry=0 extra=0
gmapvalue = 0
ix = 893, iy = 920, GMapWidth = 1800, GMapHeight = 1800
target dynamic blocked in lasermap3
fullpath_error=TARGET_DYNAMIC_BLOCKED_LASER(1004)
Target point temporarily blocked by dynamic map, hold and retry.
COOP_AVOID STATUS self=1 cmd=UNKNOWN(74) source=1 target=1 seq=0 state=NORMAL(0) retry=0 extra=257
COOP_AVOID TRIGGER self=1 cmd=POSE_REQUEST(-40) source=1 target=0 seq=6 state=WAIT_PEER_POSE(1) retry=0 extra=1
COOP_AVOID TX self=1 cmd=POSE_REQUEST(-40) source=1 target=0 seq=6 state=WAIT_PEER_POSE(1) retry=0 extra=1
COOP_AVOID RX self=1 cmd=ACK(-34) source=0 target=1 seq=6 state=WAIT_PEER_POSE(1) retry=0 extra=0
COOP_AVOID ACK_MATCH self=1 cmd=POSE_REQUEST(-40) source=0 target=1 seq=6 state=WAIT_PEER_POSE(1) retry=0 extra=0
COOP_AVOID RX self=1 cmd=POSE_RESPONSE(-39) source=0 target=1 seq=6 state=WAIT_PEER_POSE(1) retry=0 extra=0
COOP_AVOID TX self=1 cmd=ACK(-34) source=1 target=0 seq=6 state=WAIT_PEER_POSE(1) retry=0 extra=-39
COOP_AVOID STATUS self=1 cmd=UNKNOWN(74) source=1 target=1 seq=0 state=NORMAL(0) retry=0 extra=0
gmapvalue = 0
ix = 893, iy = 920, GMapWidth = 1800, GMapHeight = 1800
target dynamic blocked in lasermap3
fullpath_error=TARGET_DYNAMIC_BLOCKED_LASER(1004)
Target point temporarily blocked by dynamic map, hold and retry.
COOP_AVOID STATUS self=1 cmd=UNKNOWN(74) source=1 target=1 seq=0 state=NORMAL(0) retry=0 extra=257
COOP_AVOID TRIGGER self=1 cmd=POSE_REQUEST(-40) source=1 target=0 seq=7 state=WAIT_PEER_POSE(1) retry=0 extra=1
COOP_AVOID TX self=1 cmd=POSE_REQUEST(-40) source=1 target=0 seq=7 state=WAIT_PEER_POSE(1) retry=0 extra=1
gmapvalue = 0
ix = 893, iy = 920, GMapWidth = 1800, GMapHeight = 1800
target dynamic blocked in lasermap3
fullpath_error=TARGET_DYNAMIC_BLOCKED_LASER(1004)
Target point temporarily blocked by dynamic map, hold and retry.
COOP_AVOID RX self=1 cmd=ACK(-34) source=0 target=1 seq=7 state=WAIT_PEER_POSE(1) retry=0 extra=0
COOP_AVOID ACK_MATCH self=1 cmd=POSE_REQUEST(-40) source=0 target=1 seq=7 state=WAIT_PEER_POSE(1) retry=0 extra=0
COOP_AVOID RX self=1 cmd=POSE_RESPONSE(-39) source=0 target=1 seq=7 state=WAIT_PEER_POSE(1) retry=0 extra=0
COOP_AVOID TX self=1 cmd=ACK(-34) source=1 target=0 seq=7 state=WAIT_PEER_POSE(1) retry=0 extra=-39
COOP_AVOID STATUS self=1 cmd=UNKNOWN(74) source=1 target=1 seq=0 state=NORMAL(0) retry=0 extra=0
gmapvalue = 0
ix = 893, iy = 920, GMapWidth = 1800, GMapHeight = 1800
target dynamic blocked in lasermap3
fullpath_error=TARGET_DYNAMIC_BLOCKED_LASER(1004)
Target point temporarily blocked by dynamic map, hold and retry.
COOP_AVOID STATUS self=1 cmd=UNKNOWN(74) source=1 target=1 seq=0 state=NORMAL(0) retry=0 extra=257
COOP_AVOID TRIGGER self=1 cmd=POSE_REQUEST(-40) source=1 target=0 seq=8 state=WAIT_PEER_POSE(1) retry=0 extra=1
COOP_AVOID TX self=1 cmd=POSE_REQUEST(-40) source=1 target=0 seq=8 state=WAIT_PEER_POSE(1) retry=0 extra=1
COOP_AVOID RX self=1 cmd=ACK(-34) source=0 target=1 seq=8 state=WAIT_PEER_POSE(1) retry=0 extra=0
COOP_AVOID ACK_MATCH self=1 cmd=POSE_REQUEST(-40) source=0 target=1 seq=8 state=WAIT_PEER_POSE(1) retry=0 extra=0
COOP_AVOID RX self=1 cmd=POSE_RESPONSE(-39) source=0 target=1 seq=8 state=WAIT_PEER_POSE(1) retry=0 extra=0
COOP_AVOID TX self=1 cmd=ACK(-34) source=1 target=0 seq=8 state=WAIT_PEER_POSE(1) retry=0 extra=-39
COOP_AVOID STATUS self=1 cmd=UNKNOWN(74) source=1 target=1 seq=0 state=NORMAL(0) retry=0 extra=0
gmapvalue = 0
ix = 893, iy = 920, GMapWidth = 1800, GMapHeight = 1800
target dynamic blocked in lasermap3
fullpath_error=TARGET_DYNAMIC_BLOCKED_LASER(1004)
Target point temporarily blocked by dynamic map, hold and retry.
COOP_AVOID STATUS self=1 cmd=UNKNOWN(74) source=1 target=1 seq=0 state=NORMAL(0) retry=0 extra=257
COOP_AVOID TRIGGER self=1 cmd=POSE_REQUEST(-40) source=1 target=0 seq=9 state=WAIT_PEER_POSE(1) retry=0 extra=1
COOP_AVOID TX self=1 cmd=POSE_REQUEST(-40) source=1 target=0 seq=9 state=WAIT_PEER_POSE(1) retry=0 extra=1
COOP_AVOID RX self=1 cmd=ACK(-34) source=0 target=1 seq=9 state=WAIT_PEER_POSE(1) retry=0 extra=0
COOP_AVOID ACK_MATCH self=1 cmd=POSE_REQUEST(-40) source=0 target=1 seq=9 state=WAIT_PEER_POSE(1) retry=0 extra=0
COOP_AVOID RX self=1 cmd=POSE_RESPONSE(-39) source=0 target=1 seq=9 state=WAIT_PEER_POSE(1) retry=0 extra=0
COOP_AVOID TX self=1 cmd=ACK(-34) source=1 target=0 seq=9 state=WAIT_PEER_POSE(1) retry=0 extra=-39
COOP_AVOID STATUS self=1 cmd=UNKNOWN(74) source=1 target=1 seq=0 state=NORMAL(0) retry=0 extra=0
gmapvalue = 0
ix = 893, iy = 920, GMapWidth = 1800, GMapHeight = 1800
target dynamic blocked in lasermap3
fullpath_error=TARGET_DYNAMIC_BLOCKED_LASER(1004)
Target point temporarily blocked by dynamic map, hold and retry.
COOP_AVOID STATUS self=1 cmd=UNKNOWN(74) source=1 target=1 seq=0 state=NORMAL(0) retry=0 extra=257
COOP_AVOID TRIGGER self=1 cmd=POSE_REQUEST(-40) source=1 target=0 seq=10 state=WAIT_PEER_POSE(1) retry=0 extra=1
COOP_AVOID TX self=1 cmd=POSE_REQUEST(-40) source=1 target=0 seq=10 state=WAIT_PEER_POSE(1) retry=0 extra=1
COOP_AVOID RX self=1 cmd=ACK(-34) source=0 target=1 seq=10 state=WAIT_PEER_POSE(1) retry=0 extra=0
COOP_AVOID ACK_MATCH self=1 cmd=POSE_REQUEST(-40) source=0 target=1 seq=10 state=WAIT_PEER_POSE(1) retry=0 extra=0
COOP_AVOID RX self=1 cmd=POSE_RESPONSE(-39) source=0 target=1 seq=10 state=WAIT_PEER_POSE(1) retry=0 extra=0
COOP_AVOID TX self=1 cmd=ACK(-34) source=1 target=0 seq=10 state=WAIT_PEER_POSE(1) retry=0 extra=-39
COOP_AVOID STATUS self=1 cmd=UNKNOWN(74) source=1 target=1 seq=0 state=NORMAL(0) retry=0 extra=0
gmapvalue = 0
ix = 893, iy = 920, GMapWidth = 1800, GMapHeight = 1800
target dynamic blocked in lasermap3
fullpath_error=TARGET_DYNAMIC_BLOCKED_LASER(1004)
Target point temporarily blocked by dynamic map, hold and retry.
COOP_AVOID STATUS self=1 cmd=UNKNOWN(74) source=1 target=1 seq=0 state=NORMAL(0) retry=0 extra=257
COOP_AVOID TRIGGER self=1 cmd=POSE_REQUEST(-40) source=1 target=0 seq=11 state=WAIT_PEER_POSE(1) retry=0 extra=1
COOP_AVOID TX self=1 cmd=POSE_REQUEST(-40) source=1 target=0 seq=11 state=WAIT_PEER_POSE(1) retry=0 extra=1
COOP_AVOID RX self=1 cmd=ACK(-34) source=0 target=1 seq=11 state=WAIT_PEER_POSE(1) retry=0 extra=0
COOP_AVOID ACK_MATCH self=1 cmd=POSE_REQUEST(-40) source=0 target=1 seq=11 state=WAIT_PEER_POSE(1) retry=0 extra=0
COOP_AVOID RX self=1 cmd=POSE_RESPONSE(-39) source=0 target=1 seq=11 state=WAIT_PEER_POSE(1) retry=0 extra=0
COOP_AVOID TX self=1 cmd=ACK(-34) source=1 target=0 seq=11 state=WAIT_PEER_POSE(1) retry=0 extra=-39
COOP_AVOID STATUS self=1 cmd=UNKNOWN(74) source=1 target=1 seq=0 state=NORMAL(0) retry=0 extra=0
gmapvalue = 0
ix = 893, iy = 920, GMapWidth = 1800, GMapHeight = 1800
target dynamic blocked in lasermap3
fullpath_error=TARGET_DYNAMIC_BLOCKED_LASER(1004)
Target point temporarily blocked by dynamic map, hold and retry.
COOP_AVOID STATUS self=1 cmd=UNKNOWN(74) source=1 target=1 seq=0 state=NORMAL(0) retry=0 extra=257
COOP_AVOID TRIGGER self=1 cmd=POSE_REQUEST(-40) source=1 target=0 seq=12 state=WAIT_PEER_POSE(1) retry=0 extra=1
COOP_AVOID TX self=1 cmd=POSE_REQUEST(-40) source=1 target=0 seq=12 state=WAIT_PEER_POSE(1) retry=0 extra=1
COOP_AVOID RX self=1 cmd=ACK(-34) source=0 target=1 seq=12 state=WAIT_PEER_POSE(1) retry=0 extra=0
COOP_AVOID ACK_MATCH self=1 cmd=POSE_REQUEST(-40) source=0 target=1 seq=12 state=WAIT_PEER_POSE(1) retry=0 extra=0
gmapvalue = 0
ix = 893, iy = 920, GMapWidth = 1800, GMapHeight = 1800
target dynamic blocked in lasermap3
fullpath_error=TARGET_DYNAMIC_BLOCKED_LASER(1004)
Target point temporarily blocked by dynamic map, hold and retry.
COOP_AVOID RETRY self=1 cmd=POSE_REQUEST(-40) source=1 target=0 seq=12 state=WAIT_PEER_POSE(1) retry=1 extra=1
COOP_AVOID TX self=1 cmd=POSE_REQUEST(-40) source=1 target=0 seq=12 state=WAIT_PEER_POSE(1) retry=1 extra=1
COOP_AVOID RX self=1 cmd=ACK(-34) source=0 target=1 seq=12 state=WAIT_PEER_POSE(1) retry=0 extra=0
COOP_AVOID ACK_MATCH self=1 cmd=POSE_REQUEST(-40) source=0 target=1 seq=12 state=WAIT_PEER_POSE(1) retry=1 extra=0
COOP_AVOID RX self=1 cmd=POSE_RESPONSE(-39) source=0 target=1 seq=12 state=WAIT_PEER_POSE(1) retry=0 extra=0
COOP_AVOID TX self=1 cmd=ACK(-34) source=1 target=0 seq=12 state=WAIT_PEER_POSE(1) retry=0 extra=-39
COOP_AVOID STATUS self=1 cmd=UNKNOWN(74) source=1 target=1 seq=0 state=NORMAL(0) retry=0 extra=0
gmapvalue = 0
ix = 893, iy = 920, GMapWidth = 1800, GMapHeight = 1800
target dynamic blocked in lasermap3
fullpath_error=TARGET_DYNAMIC_BLOCKED_LASER(1004)
Target point temporarily blocked by dynamic map, hold and retry.
COOP_AVOID STATUS self=1 cmd=UNKNOWN(74) source=1 target=1 seq=0 state=NORMAL(0) retry=0 extra=257
COOP_AVOID TRIGGER self=1 cmd=POSE_REQUEST(-40) source=1 target=0 seq=13 state=WAIT_PEER_POSE(1) retry=0 extra=1
COOP_AVOID TX self=1 cmd=POSE_REQUEST(-40) source=1 target=0 seq=13 state=WAIT_PEER_POSE(1) retry=0 extra=1
COOP_AVOID RX self=1 cmd=ACK(-34) source=0 target=1 seq=13 state=WAIT_PEER_POSE(1) retry=0 extra=0
COOP_AVOID ACK_MATCH self=1 cmd=POSE_REQUEST(-40) source=0 target=1 seq=13 state=WAIT_PEER_POSE(1) retry=0 extra=0
COOP_AVOID RX self=1 cmd=POSE_RESPONSE(-39) source=0 target=1 seq=13 state=WAIT_PEER_POSE(1) retry=0 extra=0
COOP_AVOID TX self=1 cmd=ACK(-34) source=1 target=0 seq=13 state=WAIT_PEER_POSE(1) retry=0 extra=-39
COOP_AVOID STATUS self=1 cmd=UNKNOWN(74) source=1 target=1 seq=0 state=NORMAL(0) retry=0 extra=0
gmapvalue = 0
ix = 893, iy = 920, GMapWidth = 1800, GMapHeight = 1800
target dynamic blocked in lasermap3
fullpath_error=TARGET_DYNAMIC_BLOCKED_LASER(1004)
Target point temporarily blocked by dynamic map, hold and retry.
COOP_AVOID STATUS self=1 cmd=UNKNOWN(74) source=1 target=1 seq=0 state=NORMAL(0) retry=0 extra=257
COOP_AVOID TRIGGER self=1 cmd=POSE_REQUEST(-40) source=1 target=0 seq=14 state=WAIT_PEER_POSE(1) retry=0 extra=1
COOP_AVOID TX self=1 cmd=POSE_REQUEST(-40) source=1 target=0 seq=14 state=WAIT_PEER_POSE(1) retry=0 extra=1
COOP_AVOID RX self=1 cmd=ACK(-34) source=0 target=1 seq=14 state=WAIT_PEER_POSE(1) retry=0 extra=0
COOP_AVOID ACK_MATCH self=1 cmd=POSE_REQUEST(-40) source=0 target=1 seq=14 state=WAIT_PEER_POSE(1) retry=0 extra=0
COOP_AVOID RX self=1 cmd=POSE_RESPONSE(-39) source=0 target=1 seq=14 state=WAIT_PEER_POSE(1) retry=0 extra=0
COOP_AVOID TX self=1 cmd=ACK(-34) source=1 target=0 seq=14 state=WAIT_PEER_POSE(1) retry=0 extra=-39
COOP_AVOID STATUS self=1 cmd=UNKNOWN(74) source=1 target=1 seq=0 state=NORMAL(0) retry=0 extra=0
gmapvalue = 0
ix = 893, iy = 920, GMapWidth = 1800, GMapHeight = 1800
target dynamic blocked in lasermap3
fullpath_error=TARGET_DYNAMIC_BLOCKED_LASER(1004)
Target point temporarily blocked by dynamic map, hold and retry.
COOP_AVOID STATUS self=1 cmd=UNKNOWN(74) source=1 target=1 seq=0 state=NORMAL(0) retry=0 extra=257
COOP_AVOID TRIGGER self=1 cmd=POSE_REQUEST(-40) source=1 target=0 seq=15 state=WAIT_PEER_POSE(1) retry=0 extra=1
COOP_AVOID TX self=1 cmd=POSE_REQUEST(-40) source=1 target=0 seq=15 state=WAIT_PEER_POSE(1) retry=0 extra=1
COOP_AVOID RX self=1 cmd=ACK(-34) source=0 target=1 seq=15 state=WAIT_PEER_POSE(1) retry=0 extra=0
COOP_AVOID ACK_MATCH self=1 cmd=POSE_REQUEST(-40) source=0 target=1 seq=15 state=WAIT_PEER_POSE(1) retry=0 extra=0
COOP_AVOID RX self=1 cmd=POSE_RESPONSE(-39) source=0 target=1 seq=15 state=WAIT_PEER_POSE(1) retry=0 extra=0
COOP_AVOID TX self=1 cmd=ACK(-34) source=1 target=0 seq=15 state=WAIT_PEER_POSE(1) retry=0 extra=-39
COOP_AVOID STATUS self=1 cmd=UNKNOWN(74) source=1 target=1 seq=0 state=NORMAL(0) retry=0 extra=0
gmapvalue = 0
ix = 893, iy = 920, GMapWidth = 1800, GMapHeight = 1800
target dynamic blocked in lasermap3
fullpath_error=TARGET_DYNAMIC_BLOCKED_LASER(1004)
Target point temporarily blocked by dynamic map, hold and retry.
COOP_AVOID STATUS self=1 cmd=UNKNOWN(74) source=1 target=1 seq=0 state=NORMAL(0) retry=0 extra=257
COOP_AVOID TRIGGER self=1 cmd=POSE_REQUEST(-40) source=1 target=0 seq=16 state=WAIT_PEER_POSE(1) retry=0 extra=1
COOP_AVOID TX self=1 cmd=POSE_REQUEST(-40) source=1 target=0 seq=16 state=WAIT_PEER_POSE(1) retry=0 extra=1
COOP_AVOID RX self=1 cmd=ACK(-34) source=0 target=1 seq=16 state=WAIT_PEER_POSE(1) retry=0 extra=0
COOP_AVOID ACK_MATCH self=1 cmd=POSE_REQUEST(-40) source=0 target=1 seq=16 state=WAIT_PEER_POSE(1) retry=0 extra=0
COOP_AVOID RX self=1 cmd=POSE_RESPONSE(-39) source=0 target=1 seq=16 state=WAIT_PEER_POSE(1) retry=0 extra=0
COOP_AVOID TX self=1 cmd=ACK(-34) source=1 target=0 seq=16 state=WAIT_PEER_POSE(1) retry=0 extra=-39
COOP_AVOID STATUS self=1 cmd=UNKNOWN(74) source=1 target=1 seq=0 state=NORMAL(0) retry=0 extra=0
gmapvalue = 0
ix = 893, iy = 920, GMapWidth = 1800, GMapHeight = 1800
target dynamic blocked in lasermap3
fullpath_error=TARGET_DYNAMIC_BLOCKED_LASER(1004)
Target point temporarily blocked by dynamic map, hold and retry.
COOP_AVOID STATUS self=1 cmd=UNKNOWN(74) source=1 target=1 seq=0 state=NORMAL(0) retry=0 extra=257
COOP_AVOID TRIGGER self=1 cmd=POSE_REQUEST(-40) source=1 target=0 seq=17 state=WAIT_PEER_POSE(1) retry=0 extra=1
COOP_AVOID TX self=1 cmd=POSE_REQUEST(-40) source=1 target=0 seq=17 state=WAIT_PEER_POSE(1) retry=0 extra=1
COOP_AVOID RX self=1 cmd=ACK(-34) source=0 target=1 seq=17 state=WAIT_PEER_POSE(1) retry=0 extra=0
COOP_AVOID ACK_MATCH self=1 cmd=POSE_REQUEST(-40) source=0 target=1 seq=17 state=WAIT_PEER_POSE(1) retry=0 extra=0
COOP_AVOID RX self=1 cmd=POSE_RESPONSE(-39) source=0 target=1 seq=17 state=WAIT_PEER_POSE(1) retry=0 extra=0
COOP_AVOID TX self=1 cmd=ACK(-34) source=1 target=0 seq=17 state=WAIT_PEER_POSE(1) retry=0 extra=-39
COOP_AVOID STATUS self=1 cmd=UNKNOWN(74) source=1 target=1 seq=0 state=NORMAL(0) retry=0 extra=0
gmapvalue = 0
ix = 893, iy = 920, GMapWidth = 1800, GMapHeight = 1800
target dynamic blocked in lasermap3
fullpath_error=TARGET_DYNAMIC_BLOCKED_LASER(1004)
Target point temporarily blocked by dynamic map, hold and retry.
COOP_AVOID STATUS self=1 cmd=UNKNOWN(74) source=1 target=1 seq=0 state=NORMAL(0) retry=0 extra=257
COOP_AVOID TRIGGER self=1 cmd=POSE_REQUEST(-40) source=1 target=0 seq=18 state=WAIT_PEER_POSE(1) retry=0 extra=1
COOP_AVOID TX self=1 cmd=POSE_REQUEST(-40) source=1 target=0 seq=18 state=WAIT_PEER_POSE(1) retry=0 extra=1
COOP_AVOID RX self=1 cmd=ACK(-34) source=0 target=1 seq=18 state=WAIT_PEER_POSE(1) retry=0 extra=0
COOP_AVOID ACK_MATCH self=1 cmd=POSE_REQUEST(-40) source=0 target=1 seq=18 state=WAIT_PEER_POSE(1) retry=0 extra=0
COOP_AVOID RX self=1 cmd=POSE_RESPONSE(-39) source=0 target=1 seq=18 state=WAIT_PEER_POSE(1) retry=0 extra=0
COOP_AVOID TX self=1 cmd=ACK(-34) source=1 target=0 seq=18 state=WAIT_PEER_POSE(1) retry=0 extra=-39
COOP_AVOID STATUS self=1 cmd=UNKNOWN(74) source=1 target=1 seq=0 state=NORMAL(0) retry=0 extra=0
gmapvalue = 0
ix = 893, iy = 920, GMapWidth = 1800, GMapHeight = 1800
target dynamic blocked in lasermap3
fullpath_error=TARGET_DYNAMIC_BLOCKED_LASER(1004)
Target point temporarily blocked by dynamic map, hold and retry.
COOP_AVOID STATUS self=1 cmd=UNKNOWN(74) source=1 target=1 seq=0 state=NORMAL(0) retry=0 extra=257
COOP_AVOID TRIGGER self=1 cmd=POSE_REQUEST(-40) source=1 target=0 seq=19 state=WAIT_PEER_POSE(1) retry=0 extra=1
COOP_AVOID TX self=1 cmd=POSE_REQUEST(-40) source=1 target=0 seq=19 state=WAIT_PEER_POSE(1) retry=0 extra=1
COOP_AVOID RX self=1 cmd=ACK(-34) source=0 target=1 seq=19 state=WAIT_PEER_POSE(1) retry=0 extra=0
COOP_AVOID ACK_MATCH self=1 cmd=POSE_REQUEST(-40) source=0 target=1 seq=19 state=WAIT_PEER_POSE(1) retry=0 extra=0
COOP_AVOID RX self=1 cmd=POSE_RESPONSE(-39) source=0 target=1 seq=19 state=WAIT_PEER_POSE(1) retry=0 extra=0
COOP_AVOID TX self=1 cmd=ACK(-34) source=1 target=0 seq=19 state=WAIT_PEER_POSE(1) retry=0 extra=-39
COOP_AVOID STATUS self=1 cmd=UNKNOWN(74) source=1 target=1 seq=0 state=NORMAL(0) retry=0 extra=0
gmapvalue = 0
ix = 893, iy = 920, GMapWidth = 1800, GMapHeight = 1800
target dynamic blocked in lasermap3
fullpath_error=TARGET_DYNAMIC_BLOCKED_LASER(1004)
Target point temporarily blocked by dynamic map, hold and retry.
COOP_AVOID STATUS self=1 cmd=UNKNOWN(74) source=1 target=1 seq=0 state=NORMAL(0) retry=0 extra=257
COOP_AVOID TRIGGER self=1 cmd=POSE_REQUEST(-40) source=1 target=0 seq=20 state=WAIT_PEER_POSE(1) retry=0 extra=1
COOP_AVOID TX self=1 cmd=POSE_REQUEST(-40) source=1 target=0 seq=20 state=WAIT_PEER_POSE(1) retry=0 extra=1
COOP_AVOID RX self=1 cmd=ACK(-34) source=0 target=1 seq=20 state=WAIT_PEER_POSE(1) retry=0 extra=0
COOP_AVOID ACK_MATCH self=1 cmd=POSE_REQUEST(-40) source=0 target=1 seq=20 state=WAIT_PEER_POSE(1) retry=0 extra=0
COOP_AVOID RX self=1 cmd=POSE_RESPONSE(-39) source=0 target=1 seq=20 state=WAIT_PEER_POSE(1) retry=0 extra=0
COOP_AVOID TX self=1 cmd=ACK(-34) source=1 target=0 seq=20 state=WAIT_PEER_POSE(1) retry=0 extra=-39
COOP_AVOID STATUS self=1 cmd=UNKNOWN(74) source=1 target=1 seq=0 state=NORMAL(0) retry=0 extra=0
gmapvalue = 0
ix = 893, iy = 920, GMapWidth = 1800, GMapHeight = 1800
target dynamic blocked in lasermap3
fullpath_error=TARGET_DYNAMIC_BLOCKED_LASER(1004)
Target point temporarily blocked by dynamic map, hold and retry.
COOP_AVOID RETRY self=1 cmd=POSE_REQUEST(-40) source=1 target=0 seq=21 state=WAIT_PEER_POSE(1) retry=1 extra=0
COOP_AVOID TX self=1 cmd=POSE_REQUEST(-40) source=1 target=0 seq=21 state=WAIT_PEER_POSE(1) retry=1 extra=1
COOP_AVOID STATUS self=1 cmd=UNKNOWN(74) source=1 target=1 seq=0 state=NORMAL(0) retry=0 extra=257
COOP_AVOID TRIGGER self=1 cmd=POSE_REQUEST(-40) source=1 target=0 seq=21 state=WAIT_PEER_POSE(1) retry=0 extra=1
COOP_AVOID TX self=1 cmd=POSE_REQUEST(-40) source=1 target=0 seq=21 state=WAIT_PEER_POSE(1) retry=1 extra=1
COOP_AVOID RX self=1 cmd=ACK(-34) source=0 target=1 seq=21 state=WAIT_PEER_POSE(1) retry=0 extra=0
COOP_AVOID ACK_MATCH self=1 cmd=POSE_REQUEST(-40) source=0 target=1 seq=21 state=WAIT_PEER_POSE(1) retry=1 extra=0
COOP_AVOID RX self=1 cmd=POSE_RESPONSE(-39) source=0 target=1 seq=21 state=WAIT_PEER_POSE(1) retry=0 extra=0
COOP_AVOID TX self=1 cmd=ACK(-34) source=1 target=0 seq=21 state=WAIT_PEER_POSE(1) retry=0 extra=-39
COOP_AVOID STATUS self=1 cmd=UNKNOWN(74) source=1 target=1 seq=0 state=NORMAL(0) retry=0 extra=0
COOP_AVOID RX self=1 cmd=POSE_RESPONSE(-39) source=0 target=1 seq=21 state=NORMAL(0) retry=0 extra=0
COOP_AVOID TX self=1 cmd=ACK(-34) source=1 target=0 seq=21 state=NORMAL(0) retry=0 extra=-39
gmapvalue = 0
ix = 893, iy = 920, GMapWidth = 1800, GMapHeight = 1800
target dynamic blocked in lasermap3
fullpath_error=TARGET_DYNAMIC_BLOCKED_LASER(1004)
Target point temporarily blocked by dynamic map, hold and retry.
COOP_AVOID STATUS self=1 cmd=UNKNOWN(74) source=1 target=1 seq=0 state=NORMAL(0) retry=0 extra=257
COOP_AVOID TRIGGER self=1 cmd=POSE_REQUEST(-40) source=1 target=0 seq=22 state=WAIT_PEER_POSE(1) retry=0 extra=1
COOP_AVOID RETRY self=1 cmd=POSE_REQUEST(-40) source=1 target=0 seq=22 state=WAIT_PEER_POSE(1) retry=1 extra=0
COOP_AVOID TX self=1 cmd=POSE_REQUEST(-40) source=1 target=0 seq=22 state=WAIT_PEER_POSE(1) retry=1 extra=1
COOP_AVOID TX self=1 cmd=POSE_REQUEST(-40) source=1 target=0 seq=22 state=WAIT_PEER_POSE(1) retry=1 extra=1
COOP_AVOID RX self=1 cmd=ACK(-34) source=0 target=1 seq=22 state=WAIT_PEER_POSE(1) retry=0 extra=0
COOP_AVOID ACK_MATCH self=1 cmd=POSE_REQUEST(-40) source=0 target=1 seq=22 state=WAIT_PEER_POSE(1) retry=1 extra=0
COOP_AVOID RX self=1 cmd=POSE_RESPONSE(-39) source=0 target=1 seq=22 state=WAIT_PEER_POSE(1) retry=0 extra=0
COOP_AVOID TX self=1 cmd=ACK(-34) source=1 target=0 seq=22 state=WAIT_PEER_POSE(1) retry=0 extra=-39
COOP_AVOID STATUS self=1 cmd=UNKNOWN(74) source=1 target=1 seq=0 state=NORMAL(0) retry=0 extra=0
COOP_AVOID RX self=1 cmd=ACK(-34) source=0 target=1 seq=22 state=NORMAL(0) retry=0 extra=0
COOP_AVOID ACK_STALE self=1 cmd=POSE_REQUEST(-40) source=0 target=1 seq=22 state=NORMAL(0) retry=0 extra=0
COOP_AVOID RX self=1 cmd=POSE_RESPONSE(-39) source=0 target=1 seq=22 state=NORMAL(0) retry=0 extra=0
COOP_AVOID TX self=1 cmd=ACK(-34) source=1 target=0 seq=22 state=NORMAL(0) retry=0 extra=-39
gmapvalue = 0
ix = 893, iy = 920, GMapWidth = 1800, GMapHeight = 1800
target dynamic blocked in lasermap3
fullpath_error=TARGET_DYNAMIC_BLOCKED_LASER(1004)
Target point temporarily blocked by dynamic map, hold and retry.
COOP_AVOID RETRY self=1 cmd=POSE_REQUEST(-40) source=1 target=0 seq=23 state=WAIT_PEER_POSE(1) retry=1 extra=0
COOP_AVOID TX self=1 cmd=POSE_REQUEST(-40) source=1 target=0 seq=23 state=WAIT_PEER_POSE(1) retry=1 extra=1
COOP_AVOID STATUS self=1 cmd=UNKNOWN(74) source=1 target=1 seq=0 state=NORMAL(0) retry=0 extra=257
COOP_AVOID TRIGGER self=1 cmd=POSE_REQUEST(-40) source=1 target=0 seq=23 state=WAIT_PEER_POSE(1) retry=0 extra=1
COOP_AVOID TX self=1 cmd=POSE_REQUEST(-40) source=1 target=0 seq=23 state=WAIT_PEER_POSE(1) retry=1 extra=1
COOP_AVOID RX self=1 cmd=ACK(-34) source=0 target=1 seq=23 state=WAIT_PEER_POSE(1) retry=0 extra=0
COOP_AVOID ACK_MATCH self=1 cmd=POSE_REQUEST(-40) source=0 target=1 seq=23 state=WAIT_PEER_POSE(1) retry=1 extra=0
COOP_AVOID RX self=1 cmd=POSE_RESPONSE(-39) source=0 target=1 seq=23 state=WAIT_PEER_POSE(1) retry=0 extra=0
COOP_AVOID TX self=1 cmd=ACK(-34) source=1 target=0 seq=23 state=WAIT_PEER_POSE(1) retry=0 extra=-39
COOP_AVOID STATUS self=1 cmd=UNKNOWN(74) source=1 target=1 seq=0 state=NORMAL(0) retry=0 extra=0
COOP_AVOID RX self=1 cmd=ACK(-34) source=0 target=1 seq=23 state=NORMAL(0) retry=0 extra=0
COOP_AVOID ACK_STALE self=1 cmd=POSE_REQUEST(-40) source=0 target=1 seq=23 state=NORMAL(0) retry=0 extra=0
COOP_AVOID RX self=1 cmd=POSE_RESPONSE(-39) source=0 target=1 seq=23 state=NORMAL(0) retry=0 extra=0
COOP_AVOID TX self=1 cmd=ACK(-34) source=1 target=0 seq=23 state=NORMAL(0) retry=0 extra=-39
gmapvalue = 0
ix = 893, iy = 920, GMapWidth = 1800, GMapHeight = 1800
target dynamic blocked in lasermap3
fullpath_error=TARGET_DYNAMIC_BLOCKED_LASER(1004)
Target point temporarily blocked by dynamic map, hold and retry.
COOP_AVOID STATUS self=1 cmd=UNKNOWN(74) source=1 target=1 seq=0 state=NORMAL(0) retry=0 extra=257
COOP_AVOID TRIGGER self=1 cmd=POSE_REQUEST(-40) source=1 target=0 seq=24 state=WAIT_PEER_POSE(1) retry=0 extra=1
COOP_AVOID TX self=1 cmd=POSE_REQUEST(-40) source=1 target=0 seq=24 state=WAIT_PEER_POSE(1) retry=0 extra=1
COOP_AVOID RX self=1 cmd=ACK(-34) source=0 target=1 seq=24 state=WAIT_PEER_POSE(1) retry=0 extra=0
COOP_AVOID ACK_MATCH self=1 cmd=POSE_REQUEST(-40) source=0 target=1 seq=24 state=WAIT_PEER_POSE(1) retry=0 extra=0
COOP_AVOID RX self=1 cmd=POSE_RESPONSE(-39) source=0 target=1 seq=24 state=WAIT_PEER_POSE(1) retry=0 extra=0
COOP_AVOID TX self=1 cmd=ACK(-34) source=1 target=0 seq=24 state=WAIT_PEER_POSE(1) retry=0 extra=-39
COOP_AVOID STATUS self=1 cmd=UNKNOWN(74) source=1 target=1 seq=0 state=NORMAL(0) retry=0 extra=0
gmapvalue = 0
ix = 893, iy = 920, GMapWidth = 1800, GMapHeight = 1800
target dynamic blocked in lasermap3
fullpath_error=TARGET_DYNAMIC_BLOCKED_LASER(1004)
Target point temporarily blocked by dynamic map, hold and retry.
COOP_AVOID STATUS self=1 cmd=UNKNOWN(74) source=1 target=1 seq=0 state=NORMAL(0) retry=0 extra=257
COOP_AVOID TRIGGER self=1 cmd=POSE_REQUEST(-40) source=1 target=0 seq=25 state=WAIT_PEER_POSE(1) retry=0 extra=1
COOP_AVOID TX self=1 cmd=POSE_REQUEST(-40) source=1 target=0 seq=25 state=WAIT_PEER_POSE(1) retry=0 extra=1
gmapvalue = 0
ix = 893, iy = 920, GMapWidth = 1800, GMapHeight = 1800
target dynamic blocked in lasermap3
fullpath_error=TARGET_DYNAMIC_BLOCKED_LASER(1004)
Target point temporarily blocked by dynamic map, hold and retry.
COOP_AVOID RX self=1 cmd=ACK(-34) source=0 target=1 seq=25 state=WAIT_PEER_POSE(1) retry=0 extra=0
COOP_AVOID ACK_MATCH self=1 cmd=POSE_REQUEST(-40) source=0 target=1 seq=25 state=WAIT_PEER_POSE(1) retry=0 extra=0
COOP_AVOID RX self=1 cmd=POSE_RESPONSE(-39) source=0 target=1 seq=25 state=WAIT_PEER_POSE(1) retry=0 extra=0
COOP_AVOID TX self=1 cmd=ACK(-34) source=1 target=0 seq=25 state=WAIT_PEER_POSE(1) retry=0 extra=-39
COOP_AVOID STATUS self=1 cmd=UNKNOWN(74) source=1 target=1 seq=0 state=NORMAL(0) retry=0 extra=0
gmapvalue = 0
ix = 893, iy = 920, GMapWidth = 1800, GMapHeight = 1800
target dynamic blocked in lasermap3
fullpath_error=TARGET_DYNAMIC_BLOCKED_LASER(1004)
Target point temporarily blocked by dynamic map, hold and retry.
COOP_AVOID STATUS self=1 cmd=UNKNOWN(74) source=1 target=1 seq=0 state=NORMAL(0) retry=0 extra=257
COOP_AVOID TRIGGER self=1 cmd=POSE_REQUEST(-40) source=1 target=0 seq=26 state=WAIT_PEER_POSE(1) retry=0 extra=1
COOP_AVOID TX self=1 cmd=POSE_REQUEST(-40) source=1 target=0 seq=26 state=WAIT_PEER_POSE(1) retry=0 extra=1
gmapvalue = 0
ix = 893, iy = 920, GMapWidth = 1800, GMapHeight = 1800
target dynamic blocked in lasermap3
fullpath_error=TARGET_DYNAMIC_BLOCKED_LASER(1004)
Target point temporarily blocked by dynamic map, hold and retry.
COOP_AVOID RETRY self=1 cmd=POSE_REQUEST(-40) source=1 target=0 seq=26 state=WAIT_PEER_POSE(1) retry=1 extra=0
COOP_AVOID TX self=1 cmd=POSE_REQUEST(-40) source=1 target=0 seq=26 state=WAIT_PEER_POSE(1) retry=1 extra=1
COOP_AVOID RX self=1 cmd=ACK(-34) source=0 target=1 seq=26 state=WAIT_PEER_POSE(1) retry=0 extra=0
COOP_AVOID ACK_MATCH self=1 cmd=POSE_REQUEST(-40) source=0 target=1 seq=26 state=WAIT_PEER_POSE(1) retry=1 extra=0
COOP_AVOID RX self=1 cmd=POSE_RESPONSE(-39) source=0 target=1 seq=26 state=WAIT_PEER_POSE(1) retry=0 extra=0
COOP_AVOID TX self=1 cmd=ACK(-34) source=1 target=0 seq=26 state=WAIT_PEER_POSE(1) retry=0 extra=-39
COOP_AVOID STATUS self=1 cmd=UNKNOWN(74) source=1 target=1 seq=0 state=NORMAL(0) retry=0 extra=0
gmapvalue = 0
ix = 893, iy = 920, GMapWidth = 1800, GMapHeight = 1800
target dynamic blocked in lasermap3
fullpath_error=TARGET_DYNAMIC_BLOCKED_LASER(1004)
Target point temporarily blocked by dynamic map, hold and retry.
COOP_AVOID STATUS self=1 cmd=UNKNOWN(74) source=1 target=1 seq=0 state=NORMAL(0) retry=0 extra=257
COOP_AVOID TRIGGER self=1 cmd=POSE_REQUEST(-40) source=1 target=0 seq=27 state=WAIT_PEER_POSE(1) retry=0 extra=1
COOP_AVOID TX self=1 cmd=POSE_REQUEST(-40) source=1 target=0 seq=27 state=WAIT_PEER_POSE(1) retry=0 extra=1
COOP_AVOID RX self=1 cmd=ACK(-34) source=0 target=1 seq=27 state=WAIT_PEER_POSE(1) retry=0 extra=0
COOP_AVOID ACK_MATCH self=1 cmd=POSE_REQUEST(-40) source=0 target=1 seq=27 state=WAIT_PEER_POSE(1) retry=0 extra=0
COOP_AVOID RX self=1 cmd=POSE_RESPONSE(-39) source=0 target=1 seq=27 state=WAIT_PEER_POSE(1) retry=0 extra=0
COOP_AVOID TX self=1 cmd=ACK(-34) source=1 target=0 seq=27 state=WAIT_PEER_POSE(1) retry=0 extra=-39
COOP_AVOID STATUS self=1 cmd=UNKNOWN(74) source=1 target=1 seq=0 state=NORMAL(0) retry=0 extra=0
gmapvalue = 0
ix = 893, iy = 920, GMapWidth = 1800, GMapHeight = 1800
target dynamic blocked in lasermap3
fullpath_error=TARGET_DYNAMIC_BLOCKED_LASER(1004)
Target point temporarily blocked by dynamic map, hold and retry.
COOP_AVOID STATUS self=1 cmd=UNKNOWN(74) source=1 target=1 seq=0 state=NORMAL(0) retry=0 extra=257
COOP_AVOID TRIGGER self=1 cmd=POSE_REQUEST(-40) source=1 target=0 seq=28 state=WAIT_PEER_POSE(1) retry=0 extra=1
COOP_AVOID TX self=1 cmd=POSE_REQUEST(-40) source=1 target=0 seq=28 state=WAIT_PEER_POSE(1) retry=0 extra=1
gmapvalue = 0
ix = 893, iy = 920, GMapWidth = 1800, GMapHeight = 1800
target dynamic blocked in lasermap3
fullpath_error=TARGET_DYNAMIC_BLOCKED_LASER(1004)
Target point temporarily blocked by dynamic map, hold and retry.
COOP_AVOID RX self=1 cmd=ACK(-34) source=0 target=1 seq=28 state=WAIT_PEER_POSE(1) retry=0 extra=0
COOP_AVOID ACK_MATCH self=1 cmd=POSE_REQUEST(-40) source=0 target=1 seq=28 state=WAIT_PEER_POSE(1) retry=0 extra=0
COOP_AVOID RX self=1 cmd=POSE_RESPONSE(-39) source=0 target=1 seq=28 state=WAIT_PEER_POSE(1) retry=0 extra=0
COOP_AVOID TX self=1 cmd=ACK(-34) source=1 target=0 seq=28 state=WAIT_PEER_POSE(1) retry=0 extra=-39
COOP_AVOID STATUS self=1 cmd=UNKNOWN(74) source=1 target=1 seq=0 state=NORMAL(0) retry=0 extra=0
gmapvalue = 0
ix = 893, iy = 920, GMapWidth = 1800, GMapHeight = 1800
target dynamic blocked in lasermap3
fullpath_error=TARGET_DYNAMIC_BLOCKED_LASER(1004)
Target point temporarily blocked by dynamic map, hold and retry.
COOP_AVOID STATUS self=1 cmd=UNKNOWN(74) source=1 target=1 seq=0 state=NORMAL(0) retry=0 extra=257
COOP_AVOID TRIGGER self=1 cmd=POSE_REQUEST(-40) source=1 target=0 seq=29 state=WAIT_PEER_POSE(1) retry=0 extra=1
COOP_AVOID TX self=1 cmd=POSE_REQUEST(-40) source=1 target=0 seq=29 state=WAIT_PEER_POSE(1) retry=0 extra=1
gmapvalue = 0
ix = 893, iy = 920, GMapWidth = 1800, GMapHeight = 1800
target dynamic blocked in lasermap3
fullpath_error=TARGET_DYNAMIC_BLOCKED_LASER(1004)
Target point temporarily blocked by dynamic map, hold and retry.
COOP_AVOID RETRY self=1 cmd=POSE_REQUEST(-40) source=1 target=0 seq=29 state=WAIT_PEER_POSE(1) retry=1 extra=0
COOP_AVOID TX self=1 cmd=POSE_REQUEST(-40) source=1 target=0 seq=29 state=WAIT_PEER_POSE(1) retry=1 extra=1
COOP_AVOID RX self=1 cmd=ACK(-34) source=0 target=1 seq=29 state=WAIT_PEER_POSE(1) retry=0 extra=0
COOP_AVOID ACK_MATCH self=1 cmd=POSE_REQUEST(-40) source=0 target=1 seq=29 state=WAIT_PEER_POSE(1) retry=1 extra=0
COOP_AVOID RX self=1 cmd=POSE_RESPONSE(-39) source=0 target=1 seq=29 state=WAIT_PEER_POSE(1) retry=0 extra=0
COOP_AVOID TX self=1 cmd=ACK(-34) source=1 target=0 seq=29 state=WAIT_PEER_POSE(1) retry=0 extra=-39
COOP_AVOID STATUS self=1 cmd=UNKNOWN(74) source=1 target=1 seq=0 state=NORMAL(0) retry=0 extra=0
gmapvalue = 0
ix = 893, iy = 920, GMapWidth = 1800, GMapHeight = 1800
target dynamic blocked in lasermap3
fullpath_error=TARGET_DYNAMIC_BLOCKED_LASER(1004)
Target point temporarily blocked by dynamic map, hold and retry.
COOP_AVOID STATUS self=1 cmd=UNKNOWN(74) source=1 target=1 seq=0 state=NORMAL(0) retry=0 extra=257
COOP_AVOID TRIGGER self=1 cmd=POSE_REQUEST(-40) source=1 target=0 seq=30 state=WAIT_PEER_POSE(1) retry=0 extra=1
COOP_AVOID TX self=1 cmd=POSE_REQUEST(-40) source=1 target=0 seq=30 state=WAIT_PEER_POSE(1) retry=0 extra=1
COOP_AVOID RX self=1 cmd=ACK(-34) source=0 target=1 seq=30 state=WAIT_PEER_POSE(1) retry=0 extra=0
COOP_AVOID ACK_MATCH self=1 cmd=POSE_REQUEST(-40) source=0 target=1 seq=30 state=WAIT_PEER_POSE(1) retry=0 extra=0
COOP_AVOID RX self=1 cmd=POSE_RESPONSE(-39) source=0 target=1 seq=30 state=WAIT_PEER_POSE(1) retry=0 extra=0
COOP_AVOID TX self=1 cmd=ACK(-34) source=1 target=0 seq=30 state=WAIT_PEER_POSE(1) retry=0 extra=-39
COOP_AVOID STATUS self=1 cmd=UNKNOWN(74) source=1 target=1 seq=0 state=NORMAL(0) retry=0 extra=0
gmapvalue = 0
ix = 893, iy = 920, GMapWidth = 1800, GMapHeight = 1800
target dynamic blocked in lasermap3
fullpath_error=TARGET_DYNAMIC_BLOCKED_LASER(1004)
Target point temporarily blocked by dynamic map, hold and retry.
COOP_AVOID STATUS self=1 cmd=UNKNOWN(74) source=1 target=1 seq=0 state=NORMAL(0) retry=0 extra=257
COOP_AVOID TRIGGER self=1 cmd=POSE_REQUEST(-40) source=1 target=0 seq=31 state=WAIT_PEER_POSE(1) retry=0 extra=1
COOP_AVOID TX self=1 cmd=POSE_REQUEST(-40) source=1 target=0 seq=31 state=WAIT_PEER_POSE(1) retry=0 extra=1
COOP_AVOID RX self=1 cmd=ACK(-34) source=0 target=1 seq=31 state=WAIT_PEER_POSE(1) retry=0 extra=0
COOP_AVOID ACK_MATCH self=1 cmd=POSE_REQUEST(-40) source=0 target=1 seq=31 state=WAIT_PEER_POSE(1) retry=0 extra=0
COOP_AVOID RX self=1 cmd=POSE_RESPONSE(-39) source=0 target=1 seq=31 state=WAIT_PEER_POSE(1) retry=0 extra=0
COOP_AVOID TX self=1 cmd=ACK(-34) source=1 target=0 seq=31 state=WAIT_PEER_POSE(1) retry=0 extra=-39
COOP_AVOID STATUS self=1 cmd=UNKNOWN(74) source=1 target=1 seq=0 state=NORMAL(0) retry=0 extra=0
gmapvalue = 0
ix = 893, iy = 920, GMapWidth = 1800, GMapHeight = 1800
target dynamic blocked in lasermap3
fullpath_error=TARGET_DYNAMIC_BLOCKED_LASER(1004)
Target point temporarily blocked by dynamic map, hold and retry.
COOP_AVOID STATUS self=1 cmd=UNKNOWN(74) source=1 target=1 seq=0 state=NORMAL(0) retry=0 extra=257
COOP_AVOID TRIGGER self=1 cmd=POSE_REQUEST(-40) source=1 target=0 seq=32 state=WAIT_PEER_POSE(1) retry=0 extra=1
COOP_AVOID TX self=1 cmd=POSE_REQUEST(-40) source=1 target=0 seq=32 state=WAIT_PEER_POSE(1) retry=0 extra=1
COOP_AVOID RX self=1 cmd=ACK(-34) source=0 target=1 seq=32 state=WAIT_PEER_POSE(1) retry=0 extra=0
COOP_AVOID ACK_MATCH self=1 cmd=POSE_REQUEST(-40) source=0 target=1 seq=32 state=WAIT_PEER_POSE(1) retry=0 extra=0
COOP_AVOID RX self=1 cmd=POSE_RESPONSE(-39) source=0 target=1 seq=32 state=WAIT_PEER_POSE(1) retry=0 extra=0
COOP_AVOID TX self=1 cmd=ACK(-34) source=1 target=0 seq=32 state=WAIT_PEER_POSE(1) retry=0 extra=-39
COOP_AVOID STATUS self=1 cmd=UNKNOWN(74) source=1 target=1 seq=0 state=NORMAL(0) retry=0 extra=0
gmapvalue = 0
ix = 893, iy = 920, GMapWidth = 1800, GMapHeight = 1800
target dynamic blocked in lasermap3
fullpath_error=TARGET_DYNAMIC_BLOCKED_LASER(1004)
Target point temporarily blocked by dynamic map, hold and retry.
COOP_AVOID STATUS self=1 cmd=UNKNOWN(74) source=1 target=1 seq=0 state=NORMAL(0) retry=0 extra=257
COOP_AVOID TRIGGER self=1 cmd=POSE_REQUEST(-40) source=1 target=0 seq=33 state=WAIT_PEER_POSE(1) retry=0 extra=1
COOP_AVOID TX self=1 cmd=POSE_REQUEST(-40) source=1 target=0 seq=33 state=WAIT_PEER_POSE(1) retry=0 extra=1
COOP_AVOID RX self=1 cmd=ACK(-34) source=0 target=1 seq=33 state=WAIT_PEER_POSE(1) retry=0 extra=0
COOP_AVOID ACK_MATCH self=1 cmd=POSE_REQUEST(-40) source=0 target=1 seq=33 state=WAIT_PEER_POSE(1) retry=0 extra=0
COOP_AVOID RX self=1 cmd=POSE_RESPONSE(-39) source=0 target=1 seq=33 state=WAIT_PEER_POSE(1) retry=0 extra=0
COOP_AVOID TX self=1 cmd=ACK(-34) source=1 target=0 seq=33 state=WAIT_PEER_POSE(1) retry=0 extra=-39
COOP_AVOID STATUS self=1 cmd=UNKNOWN(74) source=1 target=1 seq=0 state=NORMAL(0) retry=0 extra=0
gmapvalue = 0
ix = 893, iy = 920, GMapWidth = 1800, GMapHeight = 1800
target dynamic blocked in lasermap3
fullpath_error=TARGET_DYNAMIC_BLOCKED_LASER(1004)
Target point temporarily blocked by dynamic map, hold and retry.
COOP_AVOID STATUS self=1 cmd=UNKNOWN(74) source=1 target=1 seq=0 state=NORMAL(0) retry=0 extra=257
COOP_AVOID TRIGGER self=1 cmd=POSE_REQUEST(-40) source=1 target=0 seq=34 state=WAIT_PEER_POSE(1) retry=0 extra=1
COOP_AVOID TX self=1 cmd=POSE_REQUEST(-40) source=1 target=0 seq=34 state=WAIT_PEER_POSE(1) retry=0 extra=1
COOP_AVOID RX self=1 cmd=POSE_RESPONSE(-39) source=0 target=1 seq=34 state=WAIT_PEER_POSE(1) retry=0 extra=0
COOP_AVOID TX self=1 cmd=ACK(-34) source=1 target=0 seq=34 state=WAIT_PEER_POSE(1) retry=0 extra=-39
COOP_AVOID STATUS self=1 cmd=UNKNOWN(74) source=1 target=1 seq=0 state=NORMAL(0) retry=0 extra=0
gmapvalue = 0
ix = 893, iy = 920, GMapWidth = 1800, GMapHeight = 1800
target dynamic blocked in lasermap3
fullpath_error=TARGET_DYNAMIC_BLOCKED_LASER(1004)
Target point temporarily blocked by dynamic map, hold and retry.
COOP_AVOID STATUS self=1 cmd=UNKNOWN(74) source=1 target=1 seq=0 state=NORMAL(0) retry=0 extra=257
COOP_AVOID TRIGGER self=1 cmd=POSE_REQUEST(-40) source=1 target=0 seq=35 state=WAIT_PEER_POSE(1) retry=0 extra=1
COOP_AVOID TX self=1 cmd=POSE_REQUEST(-40) source=1 target=0 seq=35 state=WAIT_PEER_POSE(1) retry=0 extra=1
COOP_AVOID RX self=1 cmd=ACK(-34) source=0 target=1 seq=35 state=WAIT_PEER_POSE(1) retry=0 extra=0
COOP_AVOID ACK_MATCH self=1 cmd=POSE_REQUEST(-40) source=0 target=1 seq=35 state=WAIT_PEER_POSE(1) retry=0 extra=0
COOP_AVOID RX self=1 cmd=POSE_RESPONSE(-39) source=0 target=1 seq=35 state=WAIT_PEER_POSE(1) retry=0 extra=0
COOP_AVOID TX self=1 cmd=ACK(-34) source=1 target=0 seq=35 state=WAIT_PEER_POSE(1) retry=0 extra=-39
COOP_AVOID STATUS self=1 cmd=UNKNOWN(74) source=1 target=1 seq=0 state=NORMAL(0) retry=0 extra=0
gmapvalue = 0
ix = 893, iy = 920, GMapWidth = 1800, GMapHeight = 1800
target dynamic blocked in lasermap3
fullpath_error=TARGET_DYNAMIC_BLOCKED_LASER(1004)
Target point temporarily blocked by dynamic map, hold and retry.
COOP_AVOID STATUS self=1 cmd=UNKNOWN(74) source=1 target=1 seq=0 state=NORMAL(0) retry=0 extra=257
COOP_AVOID TRIGGER self=1 cmd=POSE_REQUEST(-40) source=1 target=0 seq=36 state=WAIT_PEER_POSE(1) retry=0 extra=1
COOP_AVOID TX self=1 cmd=POSE_REQUEST(-40) source=1 target=0 seq=36 state=WAIT_PEER_POSE(1) retry=0 extra=1
COOP_AVOID RX self=1 cmd=ACK(-34) source=0 target=1 seq=36 state=WAIT_PEER_POSE(1) retry=0 extra=0
COOP_AVOID ACK_MATCH self=1 cmd=POSE_REQUEST(-40) source=0 target=1 seq=36 state=WAIT_PEER_POSE(1) retry=0 extra=0
COOP_AVOID RX self=1 cmd=POSE_RESPONSE(-39) source=0 target=1 seq=36 state=WAIT_PEER_POSE(1) retry=0 extra=0
COOP_AVOID TX self=1 cmd=ACK(-34) source=1 target=0 seq=36 state=WAIT_PEER_POSE(1) retry=0 extra=-39
COOP_AVOID STATUS self=1 cmd=UNKNOWN(74) source=1 target=1 seq=0 state=NORMAL(0) retry=0 extra=0
gmapvalue = 0
ix = 893, iy = 920, GMapWidth = 1800, GMapHeight = 1800
target dynamic blocked in lasermap3
fullpath_error=TARGET_DYNAMIC_BLOCKED_LASER(1004)
Target point temporarily blocked by dynamic map, hold and retry.
COOP_AVOID STATUS self=1 cmd=UNKNOWN(74) source=1 target=1 seq=0 state=NORMAL(0) retry=0 extra=257
COOP_AVOID TRIGGER self=1 cmd=POSE_REQUEST(-40) source=1 target=0 seq=37 state=WAIT_PEER_POSE(1) retry=0 extra=1
COOP_AVOID TX self=1 cmd=POSE_REQUEST(-40) source=1 target=0 seq=37 state=WAIT_PEER_POSE(1) retry=0 extra=1
COOP_AVOID RX self=1 cmd=ACK(-34) source=0 target=1 seq=37 state=WAIT_PEER_POSE(1) retry=0 extra=0
COOP_AVOID ACK_MATCH self=1 cmd=POSE_REQUEST(-40) source=0 target=1 seq=37 state=WAIT_PEER_POSE(1) retry=0 extra=0
COOP_AVOID RX self=1 cmd=POSE_RESPONSE(-39) source=0 target=1 seq=37 state=WAIT_PEER_POSE(1) retry=0 extra=0
COOP_AVOID TX self=1 cmd=ACK(-34) source=1 target=0 seq=37 state=WAIT_PEER_POSE(1) retry=0 extra=-39
COOP_AVOID STATUS self=1 cmd=UNKNOWN(74) source=1 target=1 seq=0 state=NORMAL(0) retry=0 extra=0
gmapvalue = 0
ix = 893, iy = 920, GMapWidth = 1800, GMapHeight = 1800
target dynamic blocked in lasermap3
fullpath_error=TARGET_DYNAMIC_BLOCKED_LASER(1004)
Target point temporarily blocked by dynamic map, hold and retry.
COOP_AVOID STATUS self=1 cmd=UNKNOWN(74) source=1 target=1 seq=0 state=NORMAL(0) retry=0 extra=257
COOP_AVOID TRIGGER self=1 cmd=POSE_REQUEST(-40) source=1 target=0 seq=38 state=WAIT_PEER_POSE(1) retry=0 extra=1
COOP_AVOID TX self=1 cmd=POSE_REQUEST(-40) source=1 target=0 seq=38 state=WAIT_PEER_POSE(1) retry=0 extra=1
COOP_AVOID RX self=1 cmd=ACK(-34) source=0 target=1 seq=38 state=WAIT_PEER_POSE(1) retry=0 extra=0
COOP_AVOID ACK_MATCH self=1 cmd=POSE_REQUEST(-40) source=0 target=1 seq=38 state=WAIT_PEER_POSE(1) retry=0 extra=0
COOP_AVOID RX self=1 cmd=POSE_RESPONSE(-39) source=0 target=1 seq=38 state=WAIT_PEER_POSE(1) retry=0 extra=0
COOP_AVOID TX self=1 cmd=ACK(-34) source=1 target=0 seq=38 state=WAIT_PEER_POSE(1) retry=0 extra=-39
COOP_AVOID STATUS self=1 cmd=UNKNOWN(74) source=1 target=1 seq=0 state=NORMAL(0) retry=0 extra=0
gmapvalue = 0
ix = 893, iy = 920, GMapWidth = 1800, GMapHeight = 1800
target dynamic blocked in lasermap3
fullpath_error=TARGET_DYNAMIC_BLOCKED_LASER(1004)
Target point temporarily blocked by dynamic map, hold and retry.
COOP_AVOID STATUS self=1 cmd=UNKNOWN(74) source=1 target=1 seq=0 state=NORMAL(0) retry=0 extra=257
COOP_AVOID TRIGGER self=1 cmd=POSE_REQUEST(-40) source=1 target=0 seq=39 state=WAIT_PEER_POSE(1) retry=0 extra=1
COOP_AVOID TX self=1 cmd=POSE_REQUEST(-40) source=1 target=0 seq=39 state=WAIT_PEER_POSE(1) retry=0 extra=1
gmapvalue = 0
ix = 893, iy = 920, GMapWidth = 1800, GMapHeight = 1800
target dynamic blocked in lasermap3
fullpath_error=TARGET_DYNAMIC_BLOCKED_LASER(1004)
Target point temporarily blocked by dynamic map, hold and retry.
COOP_AVOID RETRY self=1 cmd=POSE_REQUEST(-40) source=1 target=0 seq=39 state=WAIT_PEER_POSE(1) retry=1 extra=0
COOP_AVOID TX self=1 cmd=POSE_REQUEST(-40) source=1 target=0 seq=39 state=WAIT_PEER_POSE(1) retry=1 extra=1
COOP_AVOID RX self=1 cmd=ACK(-34) source=0 target=1 seq=39 state=WAIT_PEER_POSE(1) retry=0 extra=0
COOP_AVOID ACK_MATCH self=1 cmd=POSE_REQUEST(-40) source=0 target=1 seq=39 state=WAIT_PEER_POSE(1) retry=1 extra=0
gmapvalue = 0
ix = 893, iy = 920, GMapWidth = 1800, GMapHeight = 1800
target dynamic blocked in lasermap3
fullpath_error=TARGET_DYNAMIC_BLOCKED_LASER(1004)
Target point temporarily blocked by dynamic map, hold and retry.
COOP_AVOID RX self=1 cmd=POSE_RESPONSE(-39) source=0 target=1 seq=39 state=WAIT_PEER_POSE(1) retry=0 extra=0
COOP_AVOID TX self=1 cmd=ACK(-34) source=1 target=0 seq=39 state=WAIT_PEER_POSE(1) retry=0 extra=-39
COOP_AVOID STATUS self=1 cmd=UNKNOWN(74) source=1 target=1 seq=0 state=NORMAL(0) retry=0 extra=0
gmapvalue = 0
ix = 893, iy = 920, GMapWidth = 1800, GMapHeight = 1800
target dynamic blocked in lasermap3
fullpath_error=TARGET_DYNAMIC_BLOCKED_LASER(1004)
Target point temporarily blocked by dynamic map, hold and retry.
COOP_AVOID STATUS self=1 cmd=UNKNOWN(74) source=1 target=1 seq=0 state=NORMAL(0) retry=0 extra=257
COOP_AVOID TRIGGER self=1 cmd=POSE_REQUEST(-40) source=1 target=0 seq=40 state=WAIT_PEER_POSE(1) retry=0 extra=1
COOP_AVOID TX self=1 cmd=POSE_REQUEST(-40) source=1 target=0 seq=40 state=WAIT_PEER_POSE(1) retry=0 extra=1
COOP_AVOID RX self=1 cmd=ACK(-34) source=0 target=1 seq=40 state=WAIT_PEER_POSE(1) retry=0 extra=0
COOP_AVOID ACK_MATCH self=1 cmd=POSE_REQUEST(-40) source=0 target=1 seq=40 state=WAIT_PEER_POSE(1) retry=0 extra=0
gmapvalue = 0
ix = 893, iy = 920, GMapWidth = 1800, GMapHeight = 1800
target dynamic blocked in lasermap3
fullpath_error=TARGET_DYNAMIC_BLOCKED_LASER(1004)
Target point temporarily blocked by dynamic map, hold and retry.
COOP_AVOID RETRY self=1 cmd=POSE_REQUEST(-40) source=1 target=0 seq=40 state=WAIT_PEER_POSE(1) retry=1 extra=1
COOP_AVOID TX self=1 cmd=POSE_REQUEST(-40) source=1 target=0 seq=40 state=WAIT_PEER_POSE(1) retry=1 extra=1
gmapvalue = 0
ix = 893, iy = 920, GMapWidth = 1800, GMapHeight = 1800
target dynamic blocked in lasermap3
fullpath_error=TARGET_DYNAMIC_BLOCKED_LASER(1004)
Target point temporarily blocked by dynamic map, hold and retry.
COOP_AVOID RX self=1 cmd=ACK(-34) source=0 target=1 seq=40 state=WAIT_PEER_POSE(1) retry=0 extra=0
COOP_AVOID ACK_MATCH self=1 cmd=POSE_REQUEST(-40) source=0 target=1 seq=40 state=WAIT_PEER_POSE(1) retry=1 extra=0
COOP_AVOID RX self=1 cmd=POSE_RESPONSE(-39) source=0 target=1 seq=40 state=WAIT_PEER_POSE(1) retry=0 extra=0
COOP_AVOID TX self=1 cmd=ACK(-34) source=1 target=0 seq=40 state=WAIT_PEER_POSE(1) retry=0 extra=-39
COOP_AVOID STATUS self=1 cmd=UNKNOWN(74) source=1 target=1 seq=0 state=NORMAL(0) retry=0 extra=0
gmapvalue = 0
ix = 893, iy = 920, GMapWidth = 1800, GMapHeight = 1800
target dynamic blocked in lasermap3
fullpath_error=TARGET_DYNAMIC_BLOCKED_LASER(1004)
Target point temporarily blocked by dynamic map, hold and retry.
COOP_AVOID STATUS self=1 cmd=UNKNOWN(74) source=1 target=1 seq=0 state=NORMAL(0) retry=0 extra=257
COOP_AVOID TRIGGER self=1 cmd=POSE_REQUEST(-40) source=1 target=0 seq=41 state=WAIT_PEER_POSE(1) retry=0 extra=1
COOP_AVOID TX self=1 cmd=POSE_REQUEST(-40) source=1 target=0 seq=41 state=WAIT_PEER_POSE(1) retry=0 extra=1
COOP_AVOID RX self=1 cmd=ACK(-34) source=0 target=1 seq=41 state=WAIT_PEER_POSE(1) retry=0 extra=0
COOP_AVOID ACK_MATCH self=1 cmd=POSE_REQUEST(-40) source=0 target=1 seq=41 state=WAIT_PEER_POSE(1) retry=0 extra=0
COOP_AVOID RX self=1 cmd=POSE_RESPONSE(-39) source=0 target=1 seq=41 state=WAIT_PEER_POSE(1) retry=0 extra=0
COOP_AVOID TX self=1 cmd=ACK(-34) source=1 target=0 seq=41 state=WAIT_PEER_POSE(1) retry=0 extra=-39
COOP_AVOID STATUS self=1 cmd=UNKNOWN(74) source=1 target=1 seq=0 state=NORMAL(0) retry=0 extra=0
gmapvalue = 0
ix = 893, iy = 920, GMapWidth = 1800, GMapHeight = 1800
target dynamic blocked in lasermap3
fullpath_error=TARGET_DYNAMIC_BLOCKED_LASER(1004)
Target point temporarily blocked by dynamic map, hold and retry.
COOP_AVOID STATUS self=1 cmd=UNKNOWN(74) source=1 target=1 seq=0 state=NORMAL(0) retry=0 extra=257
COOP_AVOID TRIGGER self=1 cmd=POSE_REQUEST(-40) source=1 target=0 seq=42 state=WAIT_PEER_POSE(1) retry=0 extra=1
COOP_AVOID TX self=1 cmd=POSE_REQUEST(-40) source=1 target=0 seq=42 state=WAIT_PEER_POSE(1) retry=0 extra=1
COOP_AVOID RX self=1 cmd=ACK(-34) source=0 target=1 seq=42 state=WAIT_PEER_POSE(1) retry=0 extra=0
COOP_AVOID ACK_MATCH self=1 cmd=POSE_REQUEST(-40) source=0 target=1 seq=42 state=WAIT_PEER_POSE(1) retry=0 extra=0
COOP_AVOID RX self=1 cmd=POSE_RESPONSE(-39) source=0 target=1 seq=42 state=WAIT_PEER_POSE(1) retry=0 extra=0
COOP_AVOID TX self=1 cmd=ACK(-34) source=1 target=0 seq=42 state=WAIT_PEER_POSE(1) retry=0 extra=-39
COOP_AVOID STATUS self=1 cmd=UNKNOWN(74) source=1 target=1 seq=0 state=NORMAL(0) retry=0 extra=0
gmapvalue = 0
ix = 893, iy = 920, GMapWidth = 1800, GMapHeight = 1800
target dynamic blocked in lasermap3
fullpath_error=TARGET_DYNAMIC_BLOCKED_LASER(1004)
Target point temporarily blocked by dynamic map, hold and retry.
COOP_AVOID STATUS self=1 cmd=UNKNOWN(74) source=1 target=1 seq=0 state=NORMAL(0) retry=0 extra=257
COOP_AVOID TRIGGER self=1 cmd=POSE_REQUEST(-40) source=1 target=0 seq=43 state=WAIT_PEER_POSE(1) retry=0 extra=1
COOP_AVOID TX self=1 cmd=POSE_REQUEST(-40) source=1 target=0 seq=43 state=WAIT_PEER_POSE(1) retry=0 extra=1
COOP_AVOID RX self=1 cmd=ACK(-34) source=0 target=1 seq=43 state=WAIT_PEER_POSE(1) retry=0 extra=0
COOP_AVOID ACK_MATCH self=1 cmd=POSE_REQUEST(-40) source=0 target=1 seq=43 state=WAIT_PEER_POSE(1) retry=0 extra=0
COOP_AVOID RX self=1 cmd=POSE_RESPONSE(-39) source=0 target=1 seq=43 state=WAIT_PEER_POSE(1) retry=0 extra=0
COOP_AVOID TX self=1 cmd=ACK(-34) source=1 target=0 seq=43 state=WAIT_PEER_POSE(1) retry=0 extra=-39
COOP_AVOID STATUS self=1 cmd=UNKNOWN(74) source=1 target=1 seq=0 state=NORMAL(0) retry=0 extra=0
gmapvalue = 0
ix = 893, iy = 920, GMapWidth = 1800, GMapHeight = 1800
target dynamic blocked in lasermap3
fullpath_error=TARGET_DYNAMIC_BLOCKED_LASER(1004)
Target point temporarily blocked by dynamic map, hold and retry.
COOP_AVOID STATUS self=1 cmd=UNKNOWN(74) source=1 target=1 seq=0 state=NORMAL(0) retry=0 extra=257
COOP_AVOID TRIGGER self=1 cmd=POSE_REQUEST(-40) source=1 target=0 seq=44 state=WAIT_PEER_POSE(1) retry=0 extra=1
COOP_AVOID TX self=1 cmd=POSE_REQUEST(-40) source=1 target=0 seq=44 state=WAIT_PEER_POSE(1) retry=0 extra=1
COOP_AVOID RX self=1 cmd=ACK(-34) source=0 target=1 seq=44 state=WAIT_PEER_POSE(1) retry=0 extra=0
COOP_AVOID ACK_MATCH self=1 cmd=POSE_REQUEST(-40) source=0 target=1 seq=44 state=WAIT_PEER_POSE(1) retry=0 extra=0
COOP_AVOID RX self=1 cmd=POSE_RESPONSE(-39) source=0 target=1 seq=44 state=WAIT_PEER_POSE(1) retry=0 extra=0
COOP_AVOID TX self=1 cmd=ACK(-34) source=1 target=0 seq=44 state=WAIT_PEER_POSE(1) retry=0 extra=-39
COOP_AVOID STATUS self=1 cmd=UNKNOWN(74) source=1 target=1 seq=0 state=NORMAL(0) retry=0 extra=0
gmapvalue = 0
ix = 893, iy = 920, GMapWidth = 1800, GMapHeight = 1800
target dynamic blocked in lasermap3
fullpath_error=TARGET_DYNAMIC_BLOCKED_LASER(1004)
Target point temporarily blocked by dynamic map, hold and retry.
COOP_AVOID STATUS self=1 cmd=UNKNOWN(74) source=1 target=1 seq=0 state=NORMAL(0) retry=0 extra=257
COOP_AVOID TRIGGER self=1 cmd=POSE_REQUEST(-40) source=1 target=0 seq=45 state=WAIT_PEER_POSE(1) retry=0 extra=1
COOP_AVOID TX self=1 cmd=POSE_REQUEST(-40) source=1 target=0 seq=45 state=WAIT_PEER_POSE(1) retry=0 extra=1
COOP_AVOID RX self=1 cmd=ACK(-34) source=0 target=1 seq=45 state=WAIT_PEER_POSE(1) retry=0 extra=0
COOP_AVOID ACK_MATCH self=1 cmd=POSE_REQUEST(-40) source=0 target=1 seq=45 state=WAIT_PEER_POSE(1) retry=0 extra=0
COOP_AVOID RX self=1 cmd=POSE_RESPONSE(-39) source=0 target=1 seq=45 state=WAIT_PEER_POSE(1) retry=0 extra=0
COOP_AVOID TX self=1 cmd=ACK(-34) source=1 target=0 seq=45 state=WAIT_PEER_POSE(1) retry=0 extra=-39
COOP_AVOID STATUS self=1 cmd=UNKNOWN(74) source=1 target=1 seq=0 state=NORMAL(0) retry=0 extra=0
gmapvalue = 0
ix = 893, iy = 920, GMapWidth = 1800, GMapHeight = 1800
target dynamic blocked in lasermap3
fullpath_error=TARGET_DYNAMIC_BLOCKED_LASER(1004)
Target point temporarily blocked by dynamic map, hold and retry.
COOP_AVOID STATUS self=1 cmd=UNKNOWN(74) source=1 target=1 seq=0 state=NORMAL(0) retry=0 extra=257
COOP_AVOID TRIGGER self=1 cmd=POSE_REQUEST(-40) source=1 target=0 seq=46 state=WAIT_PEER_POSE(1) retry=0 extra=1
COOP_AVOID TX self=1 cmd=POSE_REQUEST(-40) source=1 target=0 seq=46 state=WAIT_PEER_POSE(1) retry=0 extra=1
COOP_AVOID RX self=1 cmd=ACK(-34) source=0 target=1 seq=46 state=WAIT_PEER_POSE(1) retry=0 extra=0
COOP_AVOID ACK_MATCH self=1 cmd=POSE_REQUEST(-40) source=0 target=1 seq=46 state=WAIT_PEER_POSE(1) retry=0 extra=0
COOP_AVOID RX self=1 cmd=POSE_RESPONSE(-39) source=0 target=1 seq=46 state=WAIT_PEER_POSE(1) retry=0 extra=0
COOP_AVOID TX self=1 cmd=ACK(-34) source=1 target=0 seq=46 state=WAIT_PEER_POSE(1) retry=0 extra=-39
COOP_AVOID STATUS self=1 cmd=UNKNOWN(74) source=1 target=1 seq=0 state=NORMAL(0) retry=0 extra=0
gmapvalue = 0
ix = 893, iy = 920, GMapWidth = 1800, GMapHeight = 1800
target dynamic blocked in lasermap3
fullpath_error=TARGET_DYNAMIC_BLOCKED_LASER(1004)
Target point temporarily blocked by dynamic map, hold and retry.
COOP_AVOID STATUS self=1 cmd=UNKNOWN(74) source=1 target=1 seq=0 state=NORMAL(0) retry=0 extra=257
COOP_AVOID TRIGGER self=1 cmd=POSE_REQUEST(-40) source=1 target=0 seq=47 state=WAIT_PEER_POSE(1) retry=0 extra=1
COOP_AVOID TX self=1 cmd=POSE_REQUEST(-40) source=1 target=0 seq=47 state=WAIT_PEER_POSE(1) retry=0 extra=1
COOP_AVOID RX self=1 cmd=ACK(-34) source=0 target=1 seq=47 state=WAIT_PEER_POSE(1) retry=0 extra=0
COOP_AVOID ACK_MATCH self=1 cmd=POSE_REQUEST(-40) source=0 target=1 seq=47 state=WAIT_PEER_POSE(1) retry=0 extra=0
COOP_AVOID RX self=1 cmd=POSE_RESPONSE(-39) source=0 target=1 seq=47 state=WAIT_PEER_POSE(1) retry=0 extra=0
COOP_AVOID TX self=1 cmd=ACK(-34) source=1 target=0 seq=47 state=WAIT_PEER_POSE(1) retry=0 extra=-39
COOP_AVOID STATUS self=1 cmd=UNKNOWN(74) source=1 target=1 seq=0 state=NORMAL(0) retry=0 extra=0
gmapvalue = 0
ix = 893, iy = 920, GMapWidth = 1800, GMapHeight = 1800
target dynamic blocked in lasermap3
fullpath_error=TARGET_DYNAMIC_BLOCKED_LASER(1004)
Target point temporarily blocked by dynamic map, hold and retry.
COOP_AVOID STATUS self=1 cmd=UNKNOWN(74) source=1 target=1 seq=0 state=NORMAL(0) retry=0 extra=257
COOP_AVOID TRIGGER self=1 cmd=POSE_REQUEST(-40) source=1 target=0 seq=48 state=WAIT_PEER_POSE(1) retry=0 extra=1
COOP_AVOID TX self=1 cmd=POSE_REQUEST(-40) source=1 target=0 seq=48 state=WAIT_PEER_POSE(1) retry=0 extra=1
gmapvalue = 0
ix = 893, iy = 920, GMapWidth = 1800, GMapHeight = 1800
target dynamic blocked in lasermap3
fullpath_error=TARGET_DYNAMIC_BLOCKED_LASER(1004)
Target point temporarily blocked by dynamic map, hold and retry.
COOP_AVOID RETRY self=1 cmd=POSE_REQUEST(-40) source=1 target=0 seq=48 state=WAIT_PEER_POSE(1) retry=1 extra=0
COOP_AVOID TX self=1 cmd=POSE_REQUEST(-40) source=1 target=0 seq=48 state=WAIT_PEER_POSE(1) retry=1 extra=1
COOP_AVOID RX self=1 cmd=ACK(-34) source=0 target=1 seq=48 state=WAIT_PEER_POSE(1) retry=0 extra=0
COOP_AVOID ACK_MATCH self=1 cmd=POSE_REQUEST(-40) source=0 target=1 seq=48 state=WAIT_PEER_POSE(1) retry=1 extra=0
COOP_AVOID RX self=1 cmd=POSE_RESPONSE(-39) source=0 target=1 seq=48 state=WAIT_PEER_POSE(1) retry=0 extra=0
COOP_AVOID TX self=1 cmd=ACK(-34) source=1 target=0 seq=48 state=WAIT_PEER_POSE(1) retry=0 extra=-39
COOP_AVOID STATUS self=1 cmd=UNKNOWN(74) source=1 target=1 seq=0 state=NORMAL(0) retry=0 extra=0
gmapvalue = 0
ix = 893, iy = 920, GMapWidth = 1800, GMapHeight = 1800
target dynamic blocked in lasermap3
fullpath_error=TARGET_DYNAMIC_BLOCKED_LASER(1004)
Target point temporarily blocked by dynamic map, hold and retry.
COOP_AVOID STATUS self=1 cmd=UNKNOWN(74) source=1 target=1 seq=0 state=NORMAL(0) retry=0 extra=257
COOP_AVOID TRIGGER self=1 cmd=POSE_REQUEST(-40) source=1 target=0 seq=49 state=WAIT_PEER_POSE(1) retry=0 extra=1
COOP_AVOID TX self=1 cmd=POSE_REQUEST(-40) source=1 target=0 seq=49 state=WAIT_PEER_POSE(1) retry=0 extra=1
COOP_AVOID RX self=1 cmd=ACK(-34) source=0 target=1 seq=49 state=WAIT_PEER_POSE(1) retry=0 extra=0
COOP_AVOID ACK_MATCH self=1 cmd=POSE_REQUEST(-40) source=0 target=1 seq=49 state=WAIT_PEER_POSE(1) retry=0 extra=0
COOP_AVOID RX self=1 cmd=POSE_RESPONSE(-39) source=0 target=1 seq=49 state=WAIT_PEER_POSE(1) retry=0 extra=0
COOP_AVOID TX self=1 cmd=ACK(-34) source=1 target=0 seq=49 state=WAIT_PEER_POSE(1) retry=0 extra=-39
COOP_AVOID STATUS self=1 cmd=UNKNOWN(74) source=1 target=1 seq=0 state=NORMAL(0) retry=0 extra=0
gmapvalue = 0
ix = 893, iy = 920, GMapWidth = 1800, GMapHeight = 1800
target dynamic blocked in lasermap3
fullpath_error=TARGET_DYNAMIC_BLOCKED_LASER(1004)
Target point temporarily blocked by dynamic map, hold and retry.
COOP_AVOID STATUS self=1 cmd=UNKNOWN(74) source=1 target=1 seq=0 state=NORMAL(0) retry=0 extra=257
COOP_AVOID TRIGGER self=1 cmd=POSE_REQUEST(-40) source=1 target=0 seq=50 state=WAIT_PEER_POSE(1) retry=0 extra=1
COOP_AVOID TX self=1 cmd=POSE_REQUEST(-40) source=1 target=0 seq=50 state=WAIT_PEER_POSE(1) retry=0 extra=1
COOP_AVOID RX self=1 cmd=ACK(-34) source=0 target=1 seq=50 state=WAIT_PEER_POSE(1) retry=0 extra=0
COOP_AVOID ACK_MATCH self=1 cmd=POSE_REQUEST(-40) source=0 target=1 seq=50 state=WAIT_PEER_POSE(1) retry=0 extra=0
COOP_AVOID RX self=1 cmd=POSE_RESPONSE(-39) source=0 target=1 seq=50 state=WAIT_PEER_POSE(1) retry=0 extra=0
COOP_AVOID TX self=1 cmd=ACK(-34) source=1 target=0 seq=50 state=WAIT_PEER_POSE(1) retry=0 extra=-39
COOP_AVOID STATUS self=1 cmd=UNKNOWN(74) source=1 target=1 seq=0 state=NORMAL(0) retry=0 extra=0
gmapvalue = 0
ix = 893, iy = 920, GMapWidth = 1800, GMapHeight = 1800
target dynamic blocked in lasermap3
fullpath_error=TARGET_DYNAMIC_BLOCKED_LASER(1004)
Target point temporarily blocked by dynamic map, hold and retry.
COOP_AVOID STATUS self=1 cmd=UNKNOWN(74) source=1 target=1 seq=0 state=NORMAL(0) retry=0 extra=257
COOP_AVOID TRIGGER self=1 cmd=POSE_REQUEST(-40) source=1 target=0 seq=51 state=WAIT_PEER_POSE(1) retry=0 extra=1
COOP_AVOID TX self=1 cmd=POSE_REQUEST(-40) source=1 target=0 seq=51 state=WAIT_PEER_POSE(1) retry=0 extra=1
COOP_AVOID RX self=1 cmd=ACK(-34) source=0 target=1 seq=51 state=WAIT_PEER_POSE(1) retry=0 extra=0
COOP_AVOID ACK_MATCH self=1 cmd=POSE_REQUEST(-40) source=0 target=1 seq=51 state=WAIT_PEER_POSE(1) retry=0 extra=0
COOP_AVOID RX self=1 cmd=POSE_RESPONSE(-39) source=0 target=1 seq=51 state=WAIT_PEER_POSE(1) retry=0 extra=0
COOP_AVOID TX self=1 cmd=ACK(-34) source=1 target=0 seq=51 state=WAIT_PEER_POSE(1) retry=0 extra=-39
COOP_AVOID STATUS self=1 cmd=UNKNOWN(74) source=1 target=1 seq=0 state=NORMAL(0) retry=0 extra=0
gmapvalue = 0
ix = 893, iy = 920, GMapWidth = 1800, GMapHeight = 1800
target dynamic blocked in lasermap3
fullpath_error=TARGET_DYNAMIC_BLOCKED_LASER(1004)
Target point temporarily blocked by dynamic map, hold and retry.
COOP_AVOID RETRY self=1 cmd=POSE_REQUEST(-40) source=1 target=0 seq=52 state=WAIT_PEER_POSE(1) retry=1 extra=0
COOP_AVOID TX self=1 cmd=POSE_REQUEST(-40) source=1 target=0 seq=52 state=WAIT_PEER_POSE(1) retry=1 extra=1
COOP_AVOID STATUS self=1 cmd=UNKNOWN(74) source=1 target=1 seq=0 state=NORMAL(0) retry=0 extra=257
COOP_AVOID TRIGGER self=1 cmd=POSE_REQUEST(-40) source=1 target=0 seq=52 state=WAIT_PEER_POSE(1) retry=0 extra=1
COOP_AVOID TX self=1 cmd=POSE_REQUEST(-40) source=1 target=0 seq=52 state=WAIT_PEER_POSE(1) retry=1 extra=1
gmapvalue = 0
ix = 893, iy = 920, GMapWidth = 1800, GMapHeight = 1800
target dynamic blocked in lasermap3
fullpath_error=TARGET_DYNAMIC_BLOCKED_LASER(1004)
Target point temporarily blocked by dynamic map, hold and retry.
COOP_AVOID RETRY self=1 cmd=POSE_REQUEST(-40) source=1 target=0 seq=52 state=WAIT_PEER_POSE(1) retry=2 extra=0
COOP_AVOID TX self=1 cmd=POSE_REQUEST(-40) source=1 target=0 seq=52 state=WAIT_PEER_POSE(1) retry=2 extra=1
COOP_AVOID RX self=1 cmd=ACK(-34) source=0 target=1 seq=52 state=WAIT_PEER_POSE(1) retry=0 extra=0
COOP_AVOID ACK_MATCH self=1 cmd=POSE_REQUEST(-40) source=0 target=1 seq=52 state=WAIT_PEER_POSE(1) retry=2 extra=0
COOP_AVOID RX self=1 cmd=POSE_RESPONSE(-39) source=0 target=1 seq=52 state=WAIT_PEER_POSE(1) retry=0 extra=0
COOP_AVOID TX self=1 cmd=ACK(-34) source=1 target=0 seq=52 state=WAIT_PEER_POSE(1) retry=0 extra=-39
COOP_AVOID STATUS self=1 cmd=UNKNOWN(74) source=1 target=1 seq=0 state=NORMAL(0) retry=0 extra=0
gmapvalue = 0
ix = 893, iy = 920, GMapWidth = 1800, GMapHeight = 1800
target dynamic blocked in lasermap3
fullpath_error=TARGET_DYNAMIC_BLOCKED_LASER(1004)
Target point temporarily blocked by dynamic map, hold and retry.
COOP_AVOID STATUS self=1 cmd=UNKNOWN(74) source=1 target=1 seq=0 state=NORMAL(0) retry=0 extra=257
COOP_AVOID TRIGGER self=1 cmd=POSE_REQUEST(-40) source=1 target=0 seq=53 state=WAIT_PEER_POSE(1) retry=0 extra=1
COOP_AVOID TX self=1 cmd=POSE_REQUEST(-40) source=1 target=0 seq=53 state=WAIT_PEER_POSE(1) retry=0 extra=1
gmapvalue = 0
ix = 893, iy = 920, GMapWidth = 1800, GMapHeight = 1800
target dynamic blocked in lasermap3
fullpath_error=TARGET_DYNAMIC_BLOCKED_LASER(1004)
Target point temporarily blocked by dynamic map, hold and retry.
COOP_AVOID RETRY self=1 cmd=POSE_REQUEST(-40) source=1 target=0 seq=53 state=WAIT_PEER_POSE(1) retry=1 extra=0
COOP_AVOID TX self=1 cmd=POSE_REQUEST(-40) source=1 target=0 seq=53 state=WAIT_PEER_POSE(1) retry=1 extra=1
COOP_AVOID RX self=1 cmd=ACK(-34) source=0 target=1 seq=53 state=WAIT_PEER_POSE(1) retry=0 extra=0
COOP_AVOID ACK_MATCH self=1 cmd=POSE_REQUEST(-40) source=0 target=1 seq=53 state=WAIT_PEER_POSE(1) retry=1 extra=0
COOP_AVOID RX self=1 cmd=POSE_RESPONSE(-39) source=0 target=1 seq=53 state=WAIT_PEER_POSE(1) retry=0 extra=0
COOP_AVOID TX self=1 cmd=ACK(-34) source=1 target=0 seq=53 state=WAIT_PEER_POSE(1) retry=0 extra=-39
COOP_AVOID STATUS self=1 cmd=UNKNOWN(74) source=1 target=1 seq=0 state=NORMAL(0) retry=0 extra=0
gmapvalue = 0
ix = 893, iy = 920, GMapWidth = 1800, GMapHeight = 1800
target dynamic blocked in lasermap3
fullpath_error=TARGET_DYNAMIC_BLOCKED_LASER(1004)
Target point temporarily blocked by dynamic map, hold and retry.
COOP_AVOID STATUS self=1 cmd=UNKNOWN(74) source=1 target=1 seq=0 state=NORMAL(0) retry=0 extra=257
COOP_AVOID TRIGGER self=1 cmd=POSE_REQUEST(-40) source=1 target=0 seq=54 state=WAIT_PEER_POSE(1) retry=0 extra=1
COOP_AVOID TX self=1 cmd=POSE_REQUEST(-40) source=1 target=0 seq=54 state=WAIT_PEER_POSE(1) retry=0 extra=1
gmapvalue = 0
ix = 893, iy = 920, GMapWidth = 1800, GMapHeight = 1800
target dynamic blocked in lasermap3
fullpath_error=TARGET_DYNAMIC_BLOCKED_LASER(1004)
Target point temporarily blocked by dynamic map, hold and retry.
COOP_AVOID RETRY self=1 cmd=POSE_REQUEST(-40) source=1 target=0 seq=54 state=WAIT_PEER_POSE(1) retry=1 extra=0
COOP_AVOID TX self=1 cmd=POSE_REQUEST(-40) source=1 target=0 seq=54 state=WAIT_PEER_POSE(1) retry=1 extra=1
COOP_AVOID RX self=1 cmd=ACK(-34) source=0 target=1 seq=54 state=WAIT_PEER_POSE(1) retry=0 extra=0
COOP_AVOID ACK_MATCH self=1 cmd=POSE_REQUEST(-40) source=0 target=1 seq=54 state=WAIT_PEER_POSE(1) retry=1 extra=0
COOP_AVOID RX self=1 cmd=POSE_RESPONSE(-39) source=0 target=1 seq=54 state=WAIT_PEER_POSE(1) retry=0 extra=0
COOP_AVOID TX self=1 cmd=ACK(-34) source=1 target=0 seq=54 state=WAIT_PEER_POSE(1) retry=0 extra=-39
COOP_AVOID STATUS self=1 cmd=UNKNOWN(74) source=1 target=1 seq=0 state=NORMAL(0) retry=0 extra=0
gmapvalue = 0
ix = 893, iy = 920, GMapWidth = 1800, GMapHeight = 1800
target dynamic blocked in lasermap3
fullpath_error=TARGET_DYNAMIC_BLOCKED_LASER(1004)
Target point temporarily blocked by dynamic map, hold and retry.
COOP_AVOID RETRY self=1 cmd=POSE_REQUEST(-40) source=1 target=0 seq=55 state=WAIT_PEER_POSE(1) retry=1 extra=0
COOP_AVOID STATUS self=1 cmd=UNKNOWN(74) source=1 target=1 seq=0 state=NORMAL(0) retry=0 extra=257
COOP_AVOID TRIGGER self=1 cmd=POSE_REQUEST(-40) source=1 target=0 seq=55 state=WAIT_PEER_POSE(1) retry=0 extra=1
COOP_AVOID TX self=1 cmd=POSE_REQUEST(-40) source=1 target=0 seq=55 state=WAIT_PEER_POSE(1) retry=1 extra=1
COOP_AVOID TX self=1 cmd=POSE_REQUEST(-40) source=1 target=0 seq=55 state=WAIT_PEER_POSE(1) retry=1 extra=1
COOP_AVOID RX self=1 cmd=ACK(-34) source=0 target=1 seq=55 state=WAIT_PEER_POSE(1) retry=0 extra=0
COOP_AVOID ACK_MATCH self=1 cmd=POSE_REQUEST(-40) source=0 target=1 seq=55 state=WAIT_PEER_POSE(1) retry=1 extra=0
COOP_AVOID RX self=1 cmd=POSE_RESPONSE(-39) source=0 target=1 seq=55 state=WAIT_PEER_POSE(1) retry=0 extra=0
COOP_AVOID TX self=1 cmd=ACK(-34) source=1 target=0 seq=55 state=WAIT_PEER_POSE(1) retry=0 extra=-39
COOP_AVOID STATUS self=1 cmd=UNKNOWN(74) source=1 target=1 seq=0 state=NORMAL(0) retry=0 extra=0
COOP_AVOID RX self=1 cmd=ACK(-34) source=0 target=1 seq=55 state=NORMAL(0) retry=0 extra=0
COOP_AVOID ACK_STALE self=1 cmd=POSE_REQUEST(-40) source=0 target=1 seq=55 state=NORMAL(0) retry=0 extra=0
COOP_AVOID RX self=1 cmd=POSE_RESPONSE(-39) source=0 target=1 seq=55 state=NORMAL(0) retry=0 extra=0
COOP_AVOID TX self=1 cmd=ACK(-34) source=1 target=0 seq=55 state=NORMAL(0) retry=0 extra=-39
gmapvalue = 0
ix = 893, iy = 920, GMapWidth = 1800, GMapHeight = 1800
target dynamic blocked in lasermap3
fullpath_error=TARGET_DYNAMIC_BLOCKED_LASER(1004)
Target point temporarily blocked by dynamic map, hold and retry.
COOP_AVOID STATUS self=1 cmd=UNKNOWN(74) source=1 target=1 seq=0 state=NORMAL(0) retry=0 extra=257
COOP_AVOID TRIGGER self=1 cmd=POSE_REQUEST(-40) source=1 target=0 seq=56 state=WAIT_PEER_POSE(1) retry=0 extra=1
COOP_AVOID TX self=1 cmd=POSE_REQUEST(-40) source=1 target=0 seq=56 state=WAIT_PEER_POSE(1) retry=0 extra=1
COOP_AVOID RX self=1 cmd=ACK(-34) source=0 target=1 seq=56 state=WAIT_PEER_POSE(1) retry=0 extra=0
COOP_AVOID ACK_MATCH self=1 cmd=POSE_REQUEST(-40) source=0 target=1 seq=56 state=WAIT_PEER_POSE(1) retry=0 extra=0
COOP_AVOID RX self=1 cmd=POSE_RESPONSE(-39) source=0 target=1 seq=56 state=WAIT_PEER_POSE(1) retry=0 extra=0
COOP_AVOID TX self=1 cmd=ACK(-34) source=1 target=0 seq=56 state=WAIT_PEER_POSE(1) retry=0 extra=-39
COOP_AVOID STATUS self=1 cmd=UNKNOWN(74) source=1 target=1 seq=0 state=NORMAL(0) retry=0 extra=0
gmapvalue = 0
ix = 893, iy = 920, GMapWidth = 1800, GMapHeight = 1800
target dynamic blocked in lasermap3
fullpath_error=TARGET_DYNAMIC_BLOCKED_LASER(1004)
Target point temporarily blocked by dynamic map, hold and retry.
COOP_AVOID STATUS self=1 cmd=UNKNOWN(74) source=1 target=1 seq=0 state=NORMAL(0) retry=0 extra=257
COOP_AVOID TRIGGER self=1 cmd=POSE_REQUEST(-40) source=1 target=0 seq=57 state=WAIT_PEER_POSE(1) retry=0 extra=1
COOP_AVOID TX self=1 cmd=POSE_REQUEST(-40) source=1 target=0 seq=57 state=WAIT_PEER_POSE(1) retry=0 extra=1
COOP_AVOID RX self=1 cmd=ACK(-34) source=0 target=1 seq=57 state=WAIT_PEER_POSE(1) retry=0 extra=0
COOP_AVOID ACK_MATCH self=1 cmd=POSE_REQUEST(-40) source=0 target=1 seq=57 state=WAIT_PEER_POSE(1) retry=0 extra=0
COOP_AVOID RX self=1 cmd=POSE_RESPONSE(-39) source=0 target=1 seq=57 state=WAIT_PEER_POSE(1) retry=0 extra=0
COOP_AVOID TX self=1 cmd=ACK(-34) source=1 target=0 seq=57 state=WAIT_PEER_POSE(1) retry=0 extra=-39
COOP_AVOID STATUS self=1 cmd=UNKNOWN(74) source=1 target=1 seq=0 state=NORMAL(0) retry=0 extra=0
gmapvalue = 0
ix = 893, iy = 920, GMapWidth = 1800, GMapHeight = 1800
target dynamic blocked in lasermap3
fullpath_error=TARGET_DYNAMIC_BLOCKED_LASER(1004)
Target point temporarily blocked by dynamic map, hold and retry.
COOP_AVOID STATUS self=1 cmd=UNKNOWN(74) source=1 target=1 seq=0 state=NORMAL(0) retry=0 extra=257
COOP_AVOID TRIGGER self=1 cmd=POSE_REQUEST(-40) source=1 target=0 seq=58 state=WAIT_PEER_POSE(1) retry=0 extra=1
COOP_AVOID TX self=1 cmd=POSE_REQUEST(-40) source=1 target=0 seq=58 state=WAIT_PEER_POSE(1) retry=0 extra=1
COOP_AVOID RX self=1 cmd=ACK(-34) source=0 target=1 seq=58 state=WAIT_PEER_POSE(1) retry=0 extra=0
COOP_AVOID ACK_MATCH self=1 cmd=POSE_REQUEST(-40) source=0 target=1 seq=58 state=WAIT_PEER_POSE(1) retry=0 extra=0
COOP_AVOID RX self=1 cmd=POSE_RESPONSE(-39) source=0 target=1 seq=58 state=WAIT_PEER_POSE(1) retry=0 extra=0
COOP_AVOID TX self=1 cmd=ACK(-34) source=1 target=0 seq=58 state=WAIT_PEER_POSE(1) retry=0 extra=-39
COOP_AVOID STATUS self=1 cmd=UNKNOWN(74) source=1 target=1 seq=0 state=NORMAL(0) retry=0 extra=0
gmapvalue = 0
ix = 893, iy = 920, GMapWidth = 1800, GMapHeight = 1800
target dynamic blocked in lasermap3
fullpath_error=TARGET_DYNAMIC_BLOCKED_LASER(1004)
Target point temporarily blocked by dynamic map, hold and retry.
COOP_AVOID STATUS self=1 cmd=UNKNOWN(74) source=1 target=1 seq=0 state=NORMAL(0) retry=0 extra=257
COOP_AVOID TRIGGER self=1 cmd=POSE_REQUEST(-40) source=1 target=0 seq=59 state=WAIT_PEER_POSE(1) retry=0 extra=1
COOP_AVOID TX self=1 cmd=POSE_REQUEST(-40) source=1 target=0 seq=59 state=WAIT_PEER_POSE(1) retry=0 extra=1
COOP_AVOID RX self=1 cmd=ACK(-34) source=0 target=1 seq=59 state=WAIT_PEER_POSE(1) retry=0 extra=0
COOP_AVOID ACK_MATCH self=1 cmd=POSE_REQUEST(-40) source=0 target=1 seq=59 state=WAIT_PEER_POSE(1) retry=0 extra=0
COOP_AVOID RX self=1 cmd=POSE_RESPONSE(-39) source=0 target=1 seq=59 state=WAIT_PEER_POSE(1) retry=0 extra=0
COOP_AVOID TX self=1 cmd=ACK(-34) source=1 target=0 seq=59 state=WAIT_PEER_POSE(1) retry=0 extra=-39
COOP_AVOID STATUS self=1 cmd=UNKNOWN(74) source=1 target=1 seq=0 state=NORMAL(0) retry=0 extra=0
gmapvalue = 0
ix = 893, iy = 920, GMapWidth = 1800, GMapHeight = 1800
target dynamic blocked in lasermap3
fullpath_error=TARGET_DYNAMIC_BLOCKED_LASER(1004)
Target point temporarily blocked by dynamic map, hold and retry.
COOP_AVOID STATUS self=1 cmd=UNKNOWN(74) source=1 target=1 seq=0 state=NORMAL(0) retry=0 extra=257
COOP_AVOID TRIGGER self=1 cmd=POSE_REQUEST(-40) source=1 target=0 seq=60 state=WAIT_PEER_POSE(1) retry=0 extra=1
COOP_AVOID TX self=1 cmd=POSE_REQUEST(-40) source=1 target=0 seq=60 state=WAIT_PEER_POSE(1) retry=0 extra=1
gmapvalue = 0
ix = 893, iy = 920, GMapWidth = 1800, GMapHeight = 1800
target dynamic blocked in lasermap3
fullpath_error=TARGET_DYNAMIC_BLOCKED_LASER(1004)
Target point temporarily blocked by dynamic map, hold and retry.
COOP_AVOID RX self=1 cmd=ACK(-34) source=0 target=1 seq=60 state=WAIT_PEER_POSE(1) retry=0 extra=0
COOP_AVOID ACK_MATCH self=1 cmd=POSE_REQUEST(-40) source=0 target=1 seq=60 state=WAIT_PEER_POSE(1) retry=0 extra=0
COOP_AVOID RX self=1 cmd=POSE_RESPONSE(-39) source=0 target=1 seq=60 state=WAIT_PEER_POSE(1) retry=0 extra=0
COOP_AVOID TX self=1 cmd=ACK(-34) source=1 target=0 seq=60 state=WAIT_PEER_POSE(1) retry=0 extra=-39
COOP_AVOID STATUS self=1 cmd=UNKNOWN(74) source=1 target=1 seq=0 state=NORMAL(0) retry=0 extra=0
gmapvalue = 0
ix = 893, iy = 920, GMapWidth = 1800, GMapHeight = 1800
target dynamic blocked in lasermap3
fullpath_error=TARGET_DYNAMIC_BLOCKED_LASER(1004)
Target point temporarily blocked by dynamic map, hold and retry.
COOP_AVOID STATUS self=1 cmd=UNKNOWN(74) source=1 target=1 seq=0 state=NORMAL(0) retry=0 extra=257
COOP_AVOID TRIGGER self=1 cmd=POSE_REQUEST(-40) source=1 target=0 seq=61 state=WAIT_PEER_POSE(1) retry=0 extra=1
COOP_AVOID TX self=1 cmd=POSE_REQUEST(-40) source=1 target=0 seq=61 state=WAIT_PEER_POSE(1) retry=0 extra=1
COOP_AVOID RX self=1 cmd=ACK(-34) source=0 target=1 seq=61 state=WAIT_PEER_POSE(1) retry=0 extra=0
COOP_AVOID ACK_MATCH self=1 cmd=POSE_REQUEST(-40) source=0 target=1 seq=61 state=WAIT_PEER_POSE(1) retry=0 extra=0
COOP_AVOID RX self=1 cmd=POSE_RESPONSE(-39) source=0 target=1 seq=61 state=WAIT_PEER_POSE(1) retry=0 extra=0
COOP_AVOID TX self=1 cmd=ACK(-34) source=1 target=0 seq=61 state=WAIT_PEER_POSE(1) retry=0 extra=-39
COOP_AVOID STATUS self=1 cmd=UNKNOWN(74) source=1 target=1 seq=0 state=NORMAL(0) retry=0 extra=0
gmapvalue = 0
ix = 893, iy = 920, GMapWidth = 1800, GMapHeight = 1800
target dynamic blocked in lasermap3
fullpath_error=TARGET_DYNAMIC_BLOCKED_LASER(1004)
Target point temporarily blocked by dynamic map, hold and retry.
COOP_AVOID STATUS self=1 cmd=UNKNOWN(74) source=1 target=1 seq=0 state=NORMAL(0) retry=0 extra=257
COOP_AVOID TRIGGER self=1 cmd=POSE_REQUEST(-40) source=1 target=0 seq=62 state=WAIT_PEER_POSE(1) retry=0 extra=1
COOP_AVOID TX self=1 cmd=POSE_REQUEST(-40) source=1 target=0 seq=62 state=WAIT_PEER_POSE(1) retry=0 extra=1
COOP_AVOID RX self=1 cmd=ACK(-34) source=0 target=1 seq=62 state=WAIT_PEER_POSE(1) retry=0 extra=0
COOP_AVOID ACK_MATCH self=1 cmd=POSE_REQUEST(-40) source=0 target=1 seq=62 state=WAIT_PEER_POSE(1) retry=0 extra=0
COOP_AVOID RX self=1 cmd=POSE_RESPONSE(-39) source=0 target=1 seq=62 state=WAIT_PEER_POSE(1) retry=0 extra=0
COOP_AVOID TX self=1 cmd=ACK(-34) source=1 target=0 seq=62 state=WAIT_PEER_POSE(1) retry=0 extra=-39
COOP_AVOID STATUS self=1 cmd=UNKNOWN(74) source=1 target=1 seq=0 state=NORMAL(0) retry=0 extra=0
gmapvalue = 0
ix = 893, iy = 920, GMapWidth = 1800, GMapHeight = 1800
target dynamic blocked in lasermap3
fullpath_error=TARGET_DYNAMIC_BLOCKED_LASER(1004)
Target point temporarily blocked by dynamic map, hold and retry.
COOP_AVOID STATUS self=1 cmd=UNKNOWN(74) source=1 target=1 seq=0 state=NORMAL(0) retry=0 extra=257
COOP_AVOID TRIGGER self=1 cmd=POSE_REQUEST(-40) source=1 target=0 seq=63 state=WAIT_PEER_POSE(1) retry=0 extra=1
COOP_AVOID TX self=1 cmd=POSE_REQUEST(-40) source=1 target=0 seq=63 state=WAIT_PEER_POSE(1) retry=0 extra=1
COOP_AVOID RX self=1 cmd=ACK(-34) source=0 target=1 seq=63 state=WAIT_PEER_POSE(1) retry=0 extra=0
COOP_AVOID ACK_MATCH self=1 cmd=POSE_REQUEST(-40) source=0 target=1 seq=63 state=WAIT_PEER_POSE(1) retry=0 extra=0
COOP_AVOID RX self=1 cmd=POSE_RESPONSE(-39) source=0 target=1 seq=63 state=WAIT_PEER_POSE(1) retry=0 extra=0
COOP_AVOID TX self=1 cmd=ACK(-34) source=1 target=0 seq=63 state=WAIT_PEER_POSE(1) retry=0 extra=-39
COOP_AVOID STATUS self=1 cmd=UNKNOWN(74) source=1 target=1 seq=0 state=NORMAL(0) retry=0 extra=0
gmapvalue = 0
ix = 893, iy = 920, GMapWidth = 1800, GMapHeight = 1800
target dynamic blocked in lasermap3
fullpath_error=TARGET_DYNAMIC_BLOCKED_LASER(1004)
Target point temporarily blocked by dynamic map, hold and retry.
COOP_AVOID STATUS self=1 cmd=UNKNOWN(74) source=1 target=1 seq=0 state=NORMAL(0) retry=0 extra=257
COOP_AVOID TRIGGER self=1 cmd=POSE_REQUEST(-40) source=1 target=0 seq=64 state=WAIT_PEER_POSE(1) retry=0 extra=1
COOP_AVOID TX self=1 cmd=POSE_REQUEST(-40) source=1 target=0 seq=64 state=WAIT_PEER_POSE(1) retry=0 extra=1
COOP_AVOID RX self=1 cmd=ACK(-34) source=0 target=1 seq=64 state=WAIT_PEER_POSE(1) retry=0 extra=0
COOP_AVOID ACK_MATCH self=1 cmd=POSE_REQUEST(-40) source=0 target=1 seq=64 state=WAIT_PEER_POSE(1) retry=0 extra=0
COOP_AVOID RX self=1 cmd=POSE_RESPONSE(-39) source=0 target=1 seq=64 state=WAIT_PEER_POSE(1) retry=0 extra=0
COOP_AVOID TX self=1 cmd=ACK(-34) source=1 target=0 seq=64 state=WAIT_PEER_POSE(1) retry=0 extra=-39
COOP_AVOID STATUS self=1 cmd=UNKNOWN(74) source=1 target=1 seq=0 state=NORMAL(0) retry=0 extra=0
gmapvalue = 0
ix = 893, iy = 920, GMapWidth = 1800, GMapHeight = 1800
target dynamic blocked in lasermap3
fullpath_error=TARGET_DYNAMIC_BLOCKED_LASER(1004)
Target point temporarily blocked by dynamic map, hold and retry.
COOP_AVOID STATUS self=1 cmd=UNKNOWN(74) source=1 target=1 seq=0 state=NORMAL(0) retry=0 extra=257
COOP_AVOID TRIGGER self=1 cmd=POSE_REQUEST(-40) source=1 target=0 seq=65 state=WAIT_PEER_POSE(1) retry=0 extra=1
COOP_AVOID TX self=1 cmd=POSE_REQUEST(-40) source=1 target=0 seq=65 state=WAIT_PEER_POSE(1) retry=0 extra=1
COOP_AVOID RX self=1 cmd=ACK(-34) source=0 target=1 seq=65 state=WAIT_PEER_POSE(1) retry=0 extra=0
COOP_AVOID ACK_MATCH self=1 cmd=POSE_REQUEST(-40) source=0 target=1 seq=65 state=WAIT_PEER_POSE(1) retry=0 extra=0
COOP_AVOID RX self=1 cmd=POSE_RESPONSE(-39) source=0 target=1 seq=65 state=WAIT_PEER_POSE(1) retry=0 extra=0
COOP_AVOID TX self=1 cmd=ACK(-34) source=1 target=0 seq=65 state=WAIT_PEER_POSE(1) retry=0 extra=-39
COOP_AVOID STATUS self=1 cmd=UNKNOWN(74) source=1 target=1 seq=0 state=NORMAL(0) retry=0 extra=0
gmapvalue = 0
ix = 893, iy = 920, GMapWidth = 1800, GMapHeight = 1800
target dynamic blocked in lasermap3
fullpath_error=TARGET_DYNAMIC_BLOCKED_LASER(1004)
Target point temporarily blocked by dynamic map, hold and retry.
COOP_AVOID STATUS self=1 cmd=UNKNOWN(74) source=1 target=1 seq=0 state=NORMAL(0) retry=0 extra=257
COOP_AVOID TRIGGER self=1 cmd=POSE_REQUEST(-40) source=1 target=0 seq=66 state=WAIT_PEER_POSE(1) retry=0 extra=1
COOP_AVOID TX self=1 cmd=POSE_REQUEST(-40) source=1 target=0 seq=66 state=WAIT_PEER_POSE(1) retry=0 extra=1
COOP_AVOID RX self=1 cmd=ACK(-34) source=0 target=1 seq=66 state=WAIT_PEER_POSE(1) retry=0 extra=0
COOP_AVOID ACK_MATCH self=1 cmd=POSE_REQUEST(-40) source=0 target=1 seq=66 state=WAIT_PEER_POSE(1) retry=0 extra=0
COOP_AVOID RX self=1 cmd=POSE_RESPONSE(-39) source=0 target=1 seq=66 state=WAIT_PEER_POSE(1) retry=0 extra=0
COOP_AVOID TX self=1 cmd=ACK(-34) source=1 target=0 seq=66 state=WAIT_PEER_POSE(1) retry=0 extra=-39
COOP_AVOID STATUS self=1 cmd=UNKNOWN(74) source=1 target=1 seq=0 state=NORMAL(0) retry=0 extra=0
gmapvalue = 0
ix = 893, iy = 920, GMapWidth = 1800, GMapHeight = 1800
target dynamic blocked in lasermap3
fullpath_error=TARGET_DYNAMIC_BLOCKED_LASER(1004)
Target point temporarily blocked by dynamic map, hold and retry.
COOP_AVOID STATUS self=1 cmd=UNKNOWN(74) source=1 target=1 seq=0 state=NORMAL(0) retry=0 extra=257
COOP_AVOID TRIGGER self=1 cmd=POSE_REQUEST(-40) source=1 target=0 seq=67 state=WAIT_PEER_POSE(1) retry=0 extra=1
COOP_AVOID TX self=1 cmd=POSE_REQUEST(-40) source=1 target=0 seq=67 state=WAIT_PEER_POSE(1) retry=0 extra=1
COOP_AVOID RX self=1 cmd=ACK(-34) source=0 target=1 seq=67 state=WAIT_PEER_POSE(1) retry=0 extra=0
COOP_AVOID ACK_MATCH self=1 cmd=POSE_REQUEST(-40) source=0 target=1 seq=67 state=WAIT_PEER_POSE(1) retry=0 extra=0
COOP_AVOID RX self=1 cmd=POSE_RESPONSE(-39) source=0 target=1 seq=67 state=WAIT_PEER_POSE(1) retry=0 extra=0
COOP_AVOID TX self=1 cmd=ACK(-34) source=1 target=0 seq=67 state=WAIT_PEER_POSE(1) retry=0 extra=-39
COOP_AVOID STATUS self=1 cmd=UNKNOWN(74) source=1 target=1 seq=0 state=NORMAL(0) retry=0 extra=0
gmapvalue = 0
ix = 893, iy = 920, GMapWidth = 1800, GMapHeight = 1800
target dynamic blocked in lasermap3
fullpath_error=TARGET_DYNAMIC_BLOCKED_LASER(1004)
Target point temporarily blocked by dynamic map, hold and retry.
COOP_AVOID STATUS self=1 cmd=UNKNOWN(74) source=1 target=1 seq=0 state=NORMAL(0) retry=0 extra=257
COOP_AVOID TRIGGER self=1 cmd=POSE_REQUEST(-40) source=1 target=0 seq=68 state=WAIT_PEER_POSE(1) retry=0 extra=1
COOP_AVOID TX self=1 cmd=POSE_REQUEST(-40) source=1 target=0 seq=68 state=WAIT_PEER_POSE(1) retry=0 extra=1
COOP_AVOID RX self=1 cmd=ACK(-34) source=0 target=1 seq=68 state=WAIT_PEER_POSE(1) retry=0 extra=0
COOP_AVOID ACK_MATCH self=1 cmd=POSE_REQUEST(-40) source=0 target=1 seq=68 state=WAIT_PEER_POSE(1) retry=0 extra=0
COOP_AVOID RX self=1 cmd=POSE_RESPONSE(-39) source=0 target=1 seq=68 state=WAIT_PEER_POSE(1) retry=0 extra=0
COOP_AVOID TX self=1 cmd=ACK(-34) source=1 target=0 seq=68 state=WAIT_PEER_POSE(1) retry=0 extra=-39
COOP_AVOID STATUS self=1 cmd=UNKNOWN(74) source=1 target=1 seq=0 state=NORMAL(0) retry=0 extra=0
gmapvalue = 0
ix = 893, iy = 920, GMapWidth = 1800, GMapHeight = 1800
target dynamic blocked in lasermap3
fullpath_error=TARGET_DYNAMIC_BLOCKED_LASER(1004)
Target point temporarily blocked by dynamic map, hold and retry.
COOP_AVOID STATUS self=1 cmd=UNKNOWN(74) source=1 target=1 seq=0 state=NORMAL(0) retry=0 extra=257
COOP_AVOID TRIGGER self=1 cmd=POSE_REQUEST(-40) source=1 target=0 seq=69 state=WAIT_PEER_POSE(1) retry=0 extra=1
COOP_AVOID TX self=1 cmd=POSE_REQUEST(-40) source=1 target=0 seq=69 state=WAIT_PEER_POSE(1) retry=0 extra=1
COOP_AVOID RX self=1 cmd=ACK(-34) source=0 target=1 seq=69 state=WAIT_PEER_POSE(1) retry=0 extra=0
COOP_AVOID ACK_MATCH self=1 cmd=POSE_REQUEST(-40) source=0 target=1 seq=69 state=WAIT_PEER_POSE(1) retry=0 extra=0
COOP_AVOID RX self=1 cmd=POSE_RESPONSE(-39) source=0 target=1 seq=69 state=WAIT_PEER_POSE(1) retry=0 extra=0
COOP_AVOID TX self=1 cmd=ACK(-34) source=1 target=0 seq=69 state=WAIT_PEER_POSE(1) retry=0 extra=-39
COOP_AVOID STATUS self=1 cmd=UNKNOWN(74) source=1 target=1 seq=0 state=NORMAL(0) retry=0 extra=0
gmapvalue = 0
ix = 893, iy = 920, GMapWidth = 1800, GMapHeight = 1800
target dynamic blocked in lasermap3
fullpath_error=TARGET_DYNAMIC_BLOCKED_LASER(1004)
Target point temporarily blocked by dynamic map, hold and retry.
COOP_AVOID STATUS self=1 cmd=UNKNOWN(74) source=1 target=1 seq=0 state=NORMAL(0) retry=0 extra=257
COOP_AVOID TRIGGER self=1 cmd=POSE_REQUEST(-40) source=1 target=0 seq=70 state=WAIT_PEER_POSE(1) retry=0 extra=1
COOP_AVOID TX self=1 cmd=POSE_REQUEST(-40) source=1 target=0 seq=70 state=WAIT_PEER_POSE(1) retry=0 extra=1
gmapvalue = 0
ix = 893, iy = 920, GMapWidth = 1800, GMapHeight = 1800
target dynamic blocked in lasermap3
fullpath_error=TARGET_DYNAMIC_BLOCKED_LASER(1004)
Target point temporarily blocked by dynamic map, hold and retry.
COOP_AVOID RETRY self=1 cmd=POSE_REQUEST(-40) source=1 target=0 seq=70 state=WAIT_PEER_POSE(1) retry=1 extra=0
COOP_AVOID TX self=1 cmd=POSE_REQUEST(-40) source=1 target=0 seq=70 state=WAIT_PEER_POSE(1) retry=1 extra=1
COOP_AVOID RX self=1 cmd=ACK(-34) source=0 target=1 seq=70 state=WAIT_PEER_POSE(1) retry=0 extra=0
COOP_AVOID ACK_MATCH self=1 cmd=POSE_REQUEST(-40) source=0 target=1 seq=70 state=WAIT_PEER_POSE(1) retry=1 extra=0
COOP_AVOID RX self=1 cmd=POSE_RESPONSE(-39) source=0 target=1 seq=70 state=WAIT_PEER_POSE(1) retry=0 extra=0
COOP_AVOID TX self=1 cmd=ACK(-34) source=1 target=0 seq=70 state=WAIT_PEER_POSE(1) retry=0 extra=-39
COOP_AVOID STATUS self=1 cmd=UNKNOWN(74) source=1 target=1 seq=0 state=NORMAL(0) retry=0 extra=0
gmapvalue = 0
ix = 893, iy = 920, GMapWidth = 1800, GMapHeight = 1800
target dynamic blocked in lasermap3
fullpath_error=TARGET_DYNAMIC_BLOCKED_LASER(1004)
Target point temporarily blocked by dynamic map, hold and retry.
COOP_AVOID STATUS self=1 cmd=UNKNOWN(74) source=1 target=1 seq=0 state=NORMAL(0) retry=0 extra=257
COOP_AVOID TRIGGER self=1 cmd=POSE_REQUEST(-40) source=1 target=0 seq=71 state=WAIT_PEER_POSE(1) retry=0 extra=1
COOP_AVOID TX self=1 cmd=POSE_REQUEST(-40) source=1 target=0 seq=71 state=WAIT_PEER_POSE(1) retry=0 extra=1
COOP_AVOID RX self=1 cmd=ACK(-34) source=0 target=1 seq=71 state=WAIT_PEER_POSE(1) retry=0 extra=0
COOP_AVOID ACK_MATCH self=1 cmd=POSE_REQUEST(-40) source=0 target=1 seq=71 state=WAIT_PEER_POSE(1) retry=0 extra=0
COOP_AVOID RX self=1 cmd=POSE_RESPONSE(-39) source=0 target=1 seq=71 state=WAIT_PEER_POSE(1) retry=0 extra=0
COOP_AVOID TX self=1 cmd=ACK(-34) source=1 target=0 seq=71 state=WAIT_PEER_POSE(1) retry=0 extra=-39
COOP_AVOID STATUS self=1 cmd=UNKNOWN(74) source=1 target=1 seq=0 state=NORMAL(0) retry=0 extra=0
gmapvalue = 0
ix = 893, iy = 920, GMapWidth = 1800, GMapHeight = 1800
target dynamic blocked in lasermap3
fullpath_error=TARGET_DYNAMIC_BLOCKED_LASER(1004)
Target point temporarily blocked by dynamic map, hold and retry.
COOP_AVOID STATUS self=1 cmd=UNKNOWN(74) source=1 target=1 seq=0 state=NORMAL(0) retry=0 extra=257
COOP_AVOID TRIGGER self=1 cmd=POSE_REQUEST(-40) source=1 target=0 seq=72 state=WAIT_PEER_POSE(1) retry=0 extra=1
COOP_AVOID TX self=1 cmd=POSE_REQUEST(-40) source=1 target=0 seq=72 state=WAIT_PEER_POSE(1) retry=0 extra=1
COOP_AVOID RX self=1 cmd=POSE_RESPONSE(-39) source=0 target=1 seq=72 state=WAIT_PEER_POSE(1) retry=0 extra=0
COOP_AVOID TX self=1 cmd=ACK(-34) source=1 target=0 seq=72 state=WAIT_PEER_POSE(1) retry=0 extra=-39
COOP_AVOID STATUS self=1 cmd=UNKNOWN(74) source=1 target=1 seq=0 state=NORMAL(0) retry=0 extra=0
gmapvalue = 0
ix = 893, iy = 920, GMapWidth = 1800, GMapHeight = 1800
target dynamic blocked in lasermap3
fullpath_error=TARGET_DYNAMIC_BLOCKED_LASER(1004)
Target point temporarily blocked by dynamic map, hold and retry.
COOP_AVOID STATUS self=1 cmd=UNKNOWN(74) source=1 target=1 seq=0 state=NORMAL(0) retry=0 extra=257
COOP_AVOID TRIGGER self=1 cmd=POSE_REQUEST(-40) source=1 target=0 seq=73 state=WAIT_PEER_POSE(1) retry=0 extra=1
COOP_AVOID TX self=1 cmd=POSE_REQUEST(-40) source=1 target=0 seq=73 state=WAIT_PEER_POSE(1) retry=0 extra=1
COOP_AVOID RX self=1 cmd=ACK(-34) source=0 target=1 seq=73 state=WAIT_PEER_POSE(1) retry=0 extra=0
COOP_AVOID ACK_MATCH self=1 cmd=POSE_REQUEST(-40) source=0 target=1 seq=73 state=WAIT_PEER_POSE(1) retry=0 extra=0
COOP_AVOID RX self=1 cmd=POSE_RESPONSE(-39) source=0 target=1 seq=73 state=WAIT_PEER_POSE(1) retry=0 extra=0
COOP_AVOID TX self=1 cmd=ACK(-34) source=1 target=0 seq=73 state=WAIT_PEER_POSE(1) retry=0 extra=-39
COOP_AVOID STATUS self=1 cmd=UNKNOWN(74) source=1 target=1 seq=0 state=NORMAL(0) retry=0 extra=0
gmapvalue = 0
ix = 893, iy = 920, GMapWidth = 1800, GMapHeight = 1800
target dynamic blocked in lasermap3
fullpath_error=TARGET_DYNAMIC_BLOCKED_LASER(1004)
Target point temporarily blocked by dynamic map, hold and retry.
COOP_AVOID STATUS self=1 cmd=UNKNOWN(74) source=1 target=1 seq=0 state=NORMAL(0) retry=0 extra=257
COOP_AVOID TRIGGER self=1 cmd=POSE_REQUEST(-40) source=1 target=0 seq=74 state=WAIT_PEER_POSE(1) retry=0 extra=1
COOP_AVOID TX self=1 cmd=POSE_REQUEST(-40) source=1 target=0 seq=74 state=WAIT_PEER_POSE(1) retry=0 extra=1
COOP_AVOID RX self=1 cmd=ACK(-34) source=0 target=1 seq=74 state=WAIT_PEER_POSE(1) retry=0 extra=0
COOP_AVOID ACK_MATCH self=1 cmd=POSE_REQUEST(-40) source=0 target=1 seq=74 state=WAIT_PEER_POSE(1) retry=0 extra=0
COOP_AVOID RX self=1 cmd=POSE_RESPONSE(-39) source=0 target=1 seq=74 state=WAIT_PEER_POSE(1) retry=0 extra=0
COOP_AVOID TX self=1 cmd=ACK(-34) source=1 target=0 seq=74 state=WAIT_PEER_POSE(1) retry=0 extra=-39
COOP_AVOID STATUS self=1 cmd=UNKNOWN(74) source=1 target=1 seq=0 state=NORMAL(0) retry=0 extra=0
gmapvalue = 0
ix = 893, iy = 920, GMapWidth = 1800, GMapHeight = 1800
target dynamic blocked in lasermap3
fullpath_error=TARGET_DYNAMIC_BLOCKED_LASER(1004)
Target point temporarily blocked by dynamic map, hold and retry.
COOP_AVOID STATUS self=1 cmd=UNKNOWN(74) source=1 target=1 seq=0 state=NORMAL(0) retry=0 extra=257
COOP_AVOID TRIGGER self=1 cmd=POSE_REQUEST(-40) source=1 target=0 seq=75 state=WAIT_PEER_POSE(1) retry=0 extra=1
COOP_AVOID TX self=1 cmd=POSE_REQUEST(-40) source=1 target=0 seq=75 state=WAIT_PEER_POSE(1) retry=0 extra=1
COOP_AVOID RX self=1 cmd=ACK(-34) source=0 target=1 seq=75 state=WAIT_PEER_POSE(1) retry=0 extra=0
COOP_AVOID ACK_MATCH self=1 cmd=POSE_REQUEST(-40) source=0 target=1 seq=75 state=WAIT_PEER_POSE(1) retry=0 extra=0
COOP_AVOID RX self=1 cmd=POSE_RESPONSE(-39) source=0 target=1 seq=75 state=WAIT_PEER_POSE(1) retry=0 extra=0
COOP_AVOID TX self=1 cmd=ACK(-34) source=1 target=0 seq=75 state=WAIT_PEER_POSE(1) retry=0 extra=-39
COOP_AVOID STATUS self=1 cmd=UNKNOWN(74) source=1 target=1 seq=0 state=NORMAL(0) retry=0 extra=0
gmapvalue = 0
ix = 893, iy = 920, GMapWidth = 1800, GMapHeight = 1800
target dynamic blocked in lasermap3
fullpath_error=TARGET_DYNAMIC_BLOCKED_LASER(1004)
Target point temporarily blocked by dynamic map, hold and retry.
COOP_AVOID STATUS self=1 cmd=UNKNOWN(74) source=1 target=1 seq=0 state=NORMAL(0) retry=0 extra=257
COOP_AVOID TRIGGER self=1 cmd=POSE_REQUEST(-40) source=1 target=0 seq=76 state=WAIT_PEER_POSE(1) retry=0 extra=1
COOP_AVOID TX self=1 cmd=POSE_REQUEST(-40) source=1 target=0 seq=76 state=WAIT_PEER_POSE(1) retry=0 extra=1
COOP_AVOID RX self=1 cmd=ACK(-34) source=0 target=1 seq=76 state=WAIT_PEER_POSE(1) retry=0 extra=0
COOP_AVOID ACK_MATCH self=1 cmd=POSE_REQUEST(-40) source=0 target=1 seq=76 state=WAIT_PEER_POSE(1) retry=0 extra=0
COOP_AVOID RX self=1 cmd=POSE_RESPONSE(-39) source=0 target=1 seq=76 state=WAIT_PEER_POSE(1) retry=0 extra=0
COOP_AVOID TX self=1 cmd=ACK(-34) source=1 target=0 seq=76 state=WAIT_PEER_POSE(1) retry=0 extra=-39
COOP_AVOID STATUS self=1 cmd=UNKNOWN(74) source=1 target=1 seq=0 state=NORMAL(0) retry=0 extra=0
gmapvalue = 0
ix = 893, iy = 920, GMapWidth = 1800, GMapHeight = 1800
target dynamic blocked in lasermap3
fullpath_error=TARGET_DYNAMIC_BLOCKED_LASER(1004)
Target point temporarily blocked by dynamic map, hold and retry.
COOP_AVOID STATUS self=1 cmd=UNKNOWN(74) source=1 target=1 seq=0 state=NORMAL(0) retry=0 extra=257
COOP_AVOID TRIGGER self=1 cmd=POSE_REQUEST(-40) source=1 target=0 seq=77 state=WAIT_PEER_POSE(1) retry=0 extra=1
COOP_AVOID TX self=1 cmd=POSE_REQUEST(-40) source=1 target=0 seq=77 state=WAIT_PEER_POSE(1) retry=0 extra=1
COOP_AVOID RX self=1 cmd=ACK(-34) source=0 target=1 seq=77 state=WAIT_PEER_POSE(1) retry=0 extra=0
COOP_AVOID ACK_MATCH self=1 cmd=POSE_REQUEST(-40) source=0 target=1 seq=77 state=WAIT_PEER_POSE(1) retry=0 extra=0
COOP_AVOID RX self=1 cmd=POSE_RESPONSE(-39) source=0 target=1 seq=77 state=WAIT_PEER_POSE(1) retry=0 extra=0
COOP_AVOID TX self=1 cmd=ACK(-34) source=1 target=0 seq=77 state=WAIT_PEER_POSE(1) retry=0 extra=-39
COOP_AVOID STATUS self=1 cmd=UNKNOWN(74) source=1 target=1 seq=0 state=NORMAL(0) retry=0 extra=0
gmapvalue = 0
ix = 893, iy = 920, GMapWidth = 1800, GMapHeight = 1800
target dynamic blocked in lasermap3
fullpath_error=TARGET_DYNAMIC_BLOCKED_LASER(1004)
Target point temporarily blocked by dynamic map, hold and retry.
COOP_AVOID STATUS self=1 cmd=UNKNOWN(74) source=1 target=1 seq=0 state=NORMAL(0) retry=0 extra=257
COOP_AVOID TRIGGER self=1 cmd=POSE_REQUEST(-40) source=1 target=0 seq=78 state=WAIT_PEER_POSE(1) retry=0 extra=1
COOP_AVOID TX self=1 cmd=POSE_REQUEST(-40) source=1 target=0 seq=78 state=WAIT_PEER_POSE(1) retry=0 extra=1
COOP_AVOID RX self=1 cmd=ACK(-34) source=0 target=1 seq=78 state=WAIT_PEER_POSE(1) retry=0 extra=0
COOP_AVOID ACK_MATCH self=1 cmd=POSE_REQUEST(-40) source=0 target=1 seq=78 state=WAIT_PEER_POSE(1) retry=0 extra=0
COOP_AVOID RX self=1 cmd=POSE_RESPONSE(-39) source=0 target=1 seq=78 state=WAIT_PEER_POSE(1) retry=0 extra=0
COOP_AVOID TX self=1 cmd=ACK(-34) source=1 target=0 seq=78 state=WAIT_PEER_POSE(1) retry=0 extra=-39
COOP_AVOID STATUS self=1 cmd=UNKNOWN(74) source=1 target=1 seq=0 state=NORMAL(0) retry=0 extra=0
gmapvalue = 0
ix = 893, iy = 920, GMapWidth = 1800, GMapHeight = 1800
target dynamic blocked in lasermap3
fullpath_error=TARGET_DYNAMIC_BLOCKED_LASER(1004)
Target point temporarily blocked by dynamic map, hold and retry.
COOP_AVOID STATUS self=1 cmd=UNKNOWN(74) source=1 target=1 seq=0 state=NORMAL(0) retry=0 extra=257
COOP_AVOID TRIGGER self=1 cmd=POSE_REQUEST(-40) source=1 target=0 seq=79 state=WAIT_PEER_POSE(1) retry=0 extra=1
COOP_AVOID TX self=1 cmd=POSE_REQUEST(-40) source=1 target=0 seq=79 state=WAIT_PEER_POSE(1) retry=0 extra=1
COOP_AVOID RX self=1 cmd=ACK(-34) source=0 target=1 seq=79 state=WAIT_PEER_POSE(1) retry=0 extra=0
COOP_AVOID ACK_MATCH self=1 cmd=POSE_REQUEST(-40) source=0 target=1 seq=79 state=WAIT_PEER_POSE(1) retry=0 extra=0
COOP_AVOID RX self=1 cmd=POSE_RESPONSE(-39) source=0 target=1 seq=79 state=WAIT_PEER_POSE(1) retry=0 extra=0
COOP_AVOID TX self=1 cmd=ACK(-34) source=1 target=0 seq=79 state=WAIT_PEER_POSE(1) retry=0 extra=-39
COOP_AVOID STATUS self=1 cmd=UNKNOWN(74) source=1 target=1 seq=0 state=NORMAL(0) retry=0 extra=0
gmapvalue = 0
ix = 893, iy = 920, GMapWidth = 1800, GMapHeight = 1800
target dynamic blocked in lasermap3
fullpath_error=TARGET_DYNAMIC_BLOCKED_LASER(1004)
Target point temporarily blocked by dynamic map, hold and retry.
COOP_AVOID STATUS self=1 cmd=UNKNOWN(74) source=1 target=1 seq=0 state=NORMAL(0) retry=0 extra=257
COOP_AVOID TRIGGER self=1 cmd=POSE_REQUEST(-40) source=1 target=0 seq=80 state=WAIT_PEER_POSE(1) retry=0 extra=1
COOP_AVOID TX self=1 cmd=POSE_REQUEST(-40) source=1 target=0 seq=80 state=WAIT_PEER_POSE(1) retry=0 extra=1
COOP_AVOID RX self=1 cmd=ACK(-34) source=0 target=1 seq=80 state=WAIT_PEER_POSE(1) retry=0 extra=0
COOP_AVOID ACK_MATCH self=1 cmd=POSE_REQUEST(-40) source=0 target=1 seq=80 state=WAIT_PEER_POSE(1) retry=0 extra=0
COOP_AVOID RX self=1 cmd=POSE_RESPONSE(-39) source=0 target=1 seq=80 state=WAIT_PEER_POSE(1) retry=0 extra=0
COOP_AVOID TX self=1 cmd=ACK(-34) source=1 target=0 seq=80 state=WAIT_PEER_POSE(1) retry=0 extra=-39
COOP_AVOID STATUS self=1 cmd=UNKNOWN(74) source=1 target=1 seq=0 state=NORMAL(0) retry=0 extra=0
gmapvalue = 0
ix = 893, iy = 920, GMapWidth = 1800, GMapHeight = 1800
target dynamic blocked in lasermap3
fullpath_error=TARGET_DYNAMIC_BLOCKED_LASER(1004)
Target point temporarily blocked by dynamic map, hold and retry.
COOP_AVOID STATUS self=1 cmd=UNKNOWN(74) source=1 target=1 seq=0 state=NORMAL(0) retry=0 extra=257
COOP_AVOID TRIGGER self=1 cmd=POSE_REQUEST(-40) source=1 target=0 seq=81 state=WAIT_PEER_POSE(1) retry=0 extra=1
COOP_AVOID TX self=1 cmd=POSE_REQUEST(-40) source=1 target=0 seq=81 state=WAIT_PEER_POSE(1) retry=0 extra=1
COOP_AVOID RX self=1 cmd=ACK(-34) source=0 target=1 seq=81 state=WAIT_PEER_POSE(1) retry=0 extra=0
COOP_AVOID ACK_MATCH self=1 cmd=POSE_REQUEST(-40) source=0 target=1 seq=81 state=WAIT_PEER_POSE(1) retry=0 extra=0
COOP_AVOID RX self=1 cmd=POSE_RESPONSE(-39) source=0 target=1 seq=81 state=WAIT_PEER_POSE(1) retry=0 extra=0
COOP_AVOID TX self=1 cmd=ACK(-34) source=1 target=0 seq=81 state=WAIT_PEER_POSE(1) retry=0 extra=-39
COOP_AVOID STATUS self=1 cmd=UNKNOWN(74) source=1 target=1 seq=0 state=NORMAL(0) retry=0 extra=0
gmapvalue = 0
ix = 893, iy = 920, GMapWidth = 1800, GMapHeight = 1800
target dynamic blocked in lasermap3
fullpath_error=TARGET_DYNAMIC_BLOCKED_LASER(1004)
Target point temporarily blocked by dynamic map, hold and retry.
COOP_AVOID STATUS self=1 cmd=UNKNOWN(74) source=1 target=1 seq=0 state=NORMAL(0) retry=0 extra=257
COOP_AVOID TRIGGER self=1 cmd=POSE_REQUEST(-40) source=1 target=0 seq=82 state=WAIT_PEER_POSE(1) retry=0 extra=1
COOP_AVOID TX self=1 cmd=POSE_REQUEST(-40) source=1 target=0 seq=82 state=WAIT_PEER_POSE(1) retry=0 extra=1
COOP_AVOID RX self=1 cmd=ACK(-34) source=0 target=1 seq=82 state=WAIT_PEER_POSE(1) retry=0 extra=0
COOP_AVOID ACK_MATCH self=1 cmd=POSE_REQUEST(-40) source=0 target=1 seq=82 state=WAIT_PEER_POSE(1) retry=0 extra=0
COOP_AVOID RX self=1 cmd=POSE_RESPONSE(-39) source=0 target=1 seq=82 state=WAIT_PEER_POSE(1) retry=0 extra=0
COOP_AVOID TX self=1 cmd=ACK(-34) source=1 target=0 seq=82 state=WAIT_PEER_POSE(1) retry=0 extra=-39
COOP_AVOID STATUS self=1 cmd=UNKNOWN(74) source=1 target=1 seq=0 state=NORMAL(0) retry=0 extra=0
gmapvalue = 0
ix = 893, iy = 920, GMapWidth = 1800, GMapHeight = 1800
target dynamic blocked in lasermap3
fullpath_error=TARGET_DYNAMIC_BLOCKED_LASER(1004)
Target point temporarily blocked by dynamic map, hold and retry.
COOP_AVOID STATUS self=1 cmd=UNKNOWN(74) source=1 target=1 seq=0 state=NORMAL(0) retry=0 extra=257
COOP_AVOID TRIGGER self=1 cmd=POSE_REQUEST(-40) source=1 target=0 seq=83 state=WAIT_PEER_POSE(1) retry=0 extra=1
COOP_AVOID TX self=1 cmd=POSE_REQUEST(-40) source=1 target=0 seq=83 state=WAIT_PEER_POSE(1) retry=0 extra=1
COOP_AVOID RX self=1 cmd=ACK(-34) source=0 target=1 seq=83 state=WAIT_PEER_POSE(1) retry=0 extra=0
COOP_AVOID ACK_MATCH self=1 cmd=POSE_REQUEST(-40) source=0 target=1 seq=83 state=WAIT_PEER_POSE(1) retry=0 extra=0
COOP_AVOID RX self=1 cmd=POSE_RESPONSE(-39) source=0 target=1 seq=83 state=WAIT_PEER_POSE(1) retry=0 extra=0
COOP_AVOID TX self=1 cmd=ACK(-34) source=1 target=0 seq=83 state=WAIT_PEER_POSE(1) retry=0 extra=-39
COOP_AVOID STATUS self=1 cmd=UNKNOWN(74) source=1 target=1 seq=0 state=NORMAL(0) retry=0 extra=0
gmapvalue = 0
ix = 893, iy = 920, GMapWidth = 1800, GMapHeight = 1800
target dynamic blocked in lasermap3
fullpath_error=TARGET_DYNAMIC_BLOCKED_LASER(1004)
Target point temporarily blocked by dynamic map, hold and retry.
COOP_AVOID STATUS self=1 cmd=UNKNOWN(74) source=1 target=1 seq=0 state=NORMAL(0) retry=0 extra=257
COOP_AVOID TRIGGER self=1 cmd=POSE_REQUEST(-40) source=1 target=0 seq=84 state=WAIT_PEER_POSE(1) retry=0 extra=1
COOP_AVOID TX self=1 cmd=POSE_REQUEST(-40) source=1 target=0 seq=84 state=WAIT_PEER_POSE(1) retry=0 extra=1
COOP_AVOID RX self=1 cmd=ACK(-34) source=0 target=1 seq=84 state=WAIT_PEER_POSE(1) retry=0 extra=0
COOP_AVOID ACK_MATCH self=1 cmd=POSE_REQUEST(-40) source=0 target=1 seq=84 state=WAIT_PEER_POSE(1) retry=0 extra=0
COOP_AVOID RX self=1 cmd=POSE_RESPONSE(-39) source=0 target=1 seq=84 state=WAIT_PEER_POSE(1) retry=0 extra=0
COOP_AVOID TX self=1 cmd=ACK(-34) source=1 target=0 seq=84 state=WAIT_PEER_POSE(1) retry=0 extra=-39
COOP_AVOID STATUS self=1 cmd=UNKNOWN(74) source=1 target=1 seq=0 state=NORMAL(0) retry=0 extra=0
gmapvalue = 0
ix = 893, iy = 920, GMapWidth = 1800, GMapHeight = 1800
target dynamic blocked in lasermap3
fullpath_error=TARGET_DYNAMIC_BLOCKED_LASER(1004)
Target point temporarily blocked by dynamic map, hold and retry.
COOP_AVOID STATUS self=1 cmd=UNKNOWN(74) source=1 target=1 seq=0 state=NORMAL(0) retry=0 extra=257
COOP_AVOID TRIGGER self=1 cmd=POSE_REQUEST(-40) source=1 target=0 seq=85 state=WAIT_PEER_POSE(1) retry=0 extra=1
COOP_AVOID TX self=1 cmd=POSE_REQUEST(-40) source=1 target=0 seq=85 state=WAIT_PEER_POSE(1) retry=0 extra=1
COOP_AVOID RX self=1 cmd=ACK(-34) source=0 target=1 seq=85 state=WAIT_PEER_POSE(1) retry=0 extra=0
COOP_AVOID ACK_MATCH self=1 cmd=POSE_REQUEST(-40) source=0 target=1 seq=85 state=WAIT_PEER_POSE(1) retry=0 extra=0
COOP_AVOID RX self=1 cmd=POSE_RESPONSE(-39) source=0 target=1 seq=85 state=WAIT_PEER_POSE(1) retry=0 extra=0
COOP_AVOID TX self=1 cmd=ACK(-34) source=1 target=0 seq=85 state=WAIT_PEER_POSE(1) retry=0 extra=-39
COOP_AVOID STATUS self=1 cmd=UNKNOWN(74) source=1 target=1 seq=0 state=NORMAL(0) retry=0 extra=0
gmapvalue = 0
ix = 893, iy = 920, GMapWidth = 1800, GMapHeight = 1800
target dynamic blocked in lasermap3
fullpath_error=TARGET_DYNAMIC_BLOCKED_LASER(1004)
Target point temporarily blocked by dynamic map, hold and retry.
COOP_AVOID STATUS self=1 cmd=UNKNOWN(74) source=1 target=1 seq=0 state=NORMAL(0) retry=0 extra=257
COOP_AVOID TRIGGER self=1 cmd=POSE_REQUEST(-40) source=1 target=0 seq=86 state=WAIT_PEER_POSE(1) retry=0 extra=1
COOP_AVOID TX self=1 cmd=POSE_REQUEST(-40) source=1 target=0 seq=86 state=WAIT_PEER_POSE(1) retry=0 extra=1
COOP_AVOID RX self=1 cmd=ACK(-34) source=0 target=1 seq=86 state=WAIT_PEER_POSE(1) retry=0 extra=0
COOP_AVOID ACK_MATCH self=1 cmd=POSE_REQUEST(-40) source=0 target=1 seq=86 state=WAIT_PEER_POSE(1) retry=0 extra=0
COOP_AVOID RX self=1 cmd=POSE_RESPONSE(-39) source=0 target=1 seq=86 state=WAIT_PEER_POSE(1) retry=0 extra=0
COOP_AVOID TX self=1 cmd=ACK(-34) source=1 target=0 seq=86 state=WAIT_PEER_POSE(1) retry=0 extra=-39
COOP_AVOID STATUS self=1 cmd=UNKNOWN(74) source=1 target=1 seq=0 state=NORMAL(0) retry=0 extra=0
gmapvalue = 0
ix = 893, iy = 920, GMapWidth = 1800, GMapHeight = 1800
target dynamic blocked in lasermap3
fullpath_error=TARGET_DYNAMIC_BLOCKED_LASER(1004)
Target point temporarily blocked by dynamic map, hold and retry.
COOP_AVOID STATUS self=1 cmd=UNKNOWN(74) source=1 target=1 seq=0 state=NORMAL(0) retry=0 extra=257
COOP_AVOID TRIGGER self=1 cmd=POSE_REQUEST(-40) source=1 target=0 seq=87 state=WAIT_PEER_POSE(1) retry=0 extra=1
COOP_AVOID TX self=1 cmd=POSE_REQUEST(-40) source=1 target=0 seq=87 state=WAIT_PEER_POSE(1) retry=0 extra=1
gmapvalue = 0
ix = 893, iy = 920, GMapWidth = 1800, GMapHeight = 1800
target dynamic blocked in lasermap3
fullpath_error=TARGET_DYNAMIC_BLOCKED_LASER(1004)
Target point temporarily blocked by dynamic map, hold and retry.
COOP_AVOID RETRY self=1 cmd=POSE_REQUEST(-40) source=1 target=0 seq=87 state=WAIT_PEER_POSE(1) retry=1 extra=0
COOP_AVOID TX self=1 cmd=POSE_REQUEST(-40) source=1 target=0 seq=87 state=WAIT_PEER_POSE(1) retry=1 extra=1
COOP_AVOID RX self=1 cmd=ACK(-34) source=0 target=1 seq=87 state=WAIT_PEER_POSE(1) retry=0 extra=0
COOP_AVOID ACK_MATCH self=1 cmd=POSE_REQUEST(-40) source=0 target=1 seq=87 state=WAIT_PEER_POSE(1) retry=1 extra=0
gmapvalue = 0
ix = 893, iy = 920, GMapWidth = 1800, GMapHeight = 1800
target dynamic blocked in lasermap3
fullpath_error=TARGET_DYNAMIC_BLOCKED_LASER(1004)
Target point temporarily blocked by dynamic map, hold and retry.
COOP_AVOID RETRY self=1 cmd=POSE_REQUEST(-40) source=1 target=0 seq=87 state=WAIT_PEER_POSE(1) retry=2 extra=1
COOP_AVOID TX self=1 cmd=POSE_REQUEST(-40) source=1 target=0 seq=87 state=WAIT_PEER_POSE(1) retry=2 extra=1
COOP_AVOID RX self=1 cmd=ACK(-34) source=0 target=1 seq=87 state=WAIT_PEER_POSE(1) retry=0 extra=0
COOP_AVOID ACK_MATCH self=1 cmd=POSE_REQUEST(-40) source=0 target=1 seq=87 state=WAIT_PEER_POSE(1) retry=2 extra=0
COOP_AVOID RX self=1 cmd=POSE_RESPONSE(-39) source=0 target=1 seq=87 state=WAIT_PEER_POSE(1) retry=0 extra=0
COOP_AVOID TX self=1 cmd=ACK(-34) source=1 target=0 seq=87 state=WAIT_PEER_POSE(1) retry=0 extra=-39
COOP_AVOID STATUS self=1 cmd=UNKNOWN(74) source=1 target=1 seq=0 state=NORMAL(0) retry=0 extra=0
gmapvalue = 0
ix = 893, iy = 920, GMapWidth = 1800, GMapHeight = 1800
target dynamic blocked in lasermap3
fullpath_error=TARGET_DYNAMIC_BLOCKED_LASER(1004)
Target point temporarily blocked by dynamic map, hold and retry.
COOP_AVOID STATUS self=1 cmd=UNKNOWN(74) source=1 target=1 seq=0 state=NORMAL(0) retry=0 extra=257
COOP_AVOID TRIGGER self=1 cmd=POSE_REQUEST(-40) source=1 target=0 seq=88 state=WAIT_PEER_POSE(1) retry=0 extra=1
COOP_AVOID TX self=1 cmd=POSE_REQUEST(-40) source=1 target=0 seq=88 state=WAIT_PEER_POSE(1) retry=0 extra=1
COOP_AVOID RX self=1 cmd=ACK(-34) source=0 target=1 seq=88 state=WAIT_PEER_POSE(1) retry=0 extra=0
COOP_AVOID ACK_MATCH self=1 cmd=POSE_REQUEST(-40) source=0 target=1 seq=88 state=WAIT_PEER_POSE(1) retry=0 extra=0
COOP_AVOID RX self=1 cmd=POSE_RESPONSE(-39) source=0 target=1 seq=88 state=WAIT_PEER_POSE(1) retry=0 extra=0
COOP_AVOID TX self=1 cmd=ACK(-34) source=1 target=0 seq=88 state=WAIT_PEER_POSE(1) retry=0 extra=-39
COOP_AVOID STATUS self=1 cmd=UNKNOWN(74) source=1 target=1 seq=0 state=NORMAL(0) retry=0 extra=0
gmapvalue = 0
ix = 893, iy = 920, GMapWidth = 1800, GMapHeight = 1800
target dynamic blocked in lasermap3
fullpath_error=TARGET_DYNAMIC_BLOCKED_LASER(1004)
Target point temporarily blocked by dynamic map, hold and retry.
COOP_AVOID STATUS self=1 cmd=UNKNOWN(74) source=1 target=1 seq=0 state=NORMAL(0) retry=0 extra=257
COOP_AVOID TRIGGER self=1 cmd=POSE_REQUEST(-40) source=1 target=0 seq=89 state=WAIT_PEER_POSE(1) retry=0 extra=1
COOP_AVOID RETRY self=1 cmd=POSE_REQUEST(-40) source=1 target=0 seq=89 state=WAIT_PEER_POSE(1) retry=1 extra=0
COOP_AVOID TX self=1 cmd=POSE_REQUEST(-40) source=1 target=0 seq=89 state=WAIT_PEER_POSE(1) retry=1 extra=1
COOP_AVOID TX self=1 cmd=POSE_REQUEST(-40) source=1 target=0 seq=89 state=WAIT_PEER_POSE(1) retry=1 extra=1
COOP_AVOID RX self=1 cmd=ACK(-34) source=0 target=1 seq=89 state=WAIT_PEER_POSE(1) retry=0 extra=0
COOP_AVOID ACK_MATCH self=1 cmd=POSE_REQUEST(-40) source=0 target=1 seq=89 state=WAIT_PEER_POSE(1) retry=1 extra=0
COOP_AVOID RX self=1 cmd=POSE_RESPONSE(-39) source=0 target=1 seq=89 state=WAIT_PEER_POSE(1) retry=0 extra=0
COOP_AVOID TX self=1 cmd=ACK(-34) source=1 target=0 seq=89 state=WAIT_PEER_POSE(1) retry=0 extra=-39
COOP_AVOID STATUS self=1 cmd=UNKNOWN(74) source=1 target=1 seq=0 state=NORMAL(0) retry=0 extra=0
COOP_AVOID RX self=1 cmd=ACK(-34) source=0 target=1 seq=89 state=NORMAL(0) retry=0 extra=0
COOP_AVOID ACK_STALE self=1 cmd=POSE_REQUEST(-40) source=0 target=1 seq=89 state=NORMAL(0) retry=0 extra=0
COOP_AVOID RX self=1 cmd=POSE_RESPONSE(-39) source=0 target=1 seq=89 state=NORMAL(0) retry=0 extra=0
COOP_AVOID TX self=1 cmd=ACK(-34) source=1 target=0 seq=89 state=NORMAL(0) retry=0 extra=-39
gmapvalue = 0
ix = 893, iy = 920, GMapWidth = 1800, GMapHeight = 1800
target dynamic blocked in lasermap3
fullpath_error=TARGET_DYNAMIC_BLOCKED_LASER(1004)
Target point temporarily blocked by dynamic map, hold and retry.
COOP_AVOID STATUS self=1 cmd=UNKNOWN(74) source=1 target=1 seq=0 state=NORMAL(0) retry=0 extra=257
COOP_AVOID TRIGGER self=1 cmd=POSE_REQUEST(-40) source=1 target=0 seq=90 state=WAIT_PEER_POSE(1) retry=0 extra=1
COOP_AVOID TX self=1 cmd=POSE_REQUEST(-40) source=1 target=0 seq=90 state=WAIT_PEER_POSE(1) retry=0 extra=1
COOP_AVOID RX self=1 cmd=ACK(-34) source=0 target=1 seq=90 state=WAIT_PEER_POSE(1) retry=0 extra=0
COOP_AVOID ACK_MATCH self=1 cmd=POSE_REQUEST(-40) source=0 target=1 seq=90 state=WAIT_PEER_POSE(1) retry=0 extra=0
COOP_AVOID RX self=1 cmd=POSE_RESPONSE(-39) source=0 target=1 seq=90 state=WAIT_PEER_POSE(1) retry=0 extra=0
COOP_AVOID TX self=1 cmd=ACK(-34) source=1 target=0 seq=90 state=WAIT_PEER_POSE(1) retry=0 extra=-39
COOP_AVOID STATUS self=1 cmd=UNKNOWN(74) source=1 target=1 seq=0 state=NORMAL(0) retry=0 extra=0
gmapvalue = 0
ix = 893, iy = 920, GMapWidth = 1800, GMapHeight = 1800
target dynamic blocked in lasermap3
fullpath_error=TARGET_DYNAMIC_BLOCKED_LASER(1004)
Target point temporarily blocked by dynamic map, hold and retry.
COOP_AVOID STATUS self=1 cmd=UNKNOWN(74) source=1 target=1 seq=0 state=NORMAL(0) retry=0 extra=257
COOP_AVOID TRIGGER self=1 cmd=POSE_REQUEST(-40) source=1 target=0 seq=91 state=WAIT_PEER_POSE(1) retry=0 extra=1
COOP_AVOID TX self=1 cmd=POSE_REQUEST(-40) source=1 target=0 seq=91 state=WAIT_PEER_POSE(1) retry=0 extra=1
gmapvalue = 0
ix = 893, iy = 920, GMapWidth = 1800, GMapHeight = 1800
target dynamic blocked in lasermap3
fullpath_error=TARGET_DYNAMIC_BLOCKED_LASER(1004)
Target point temporarily blocked by dynamic map, hold and retry.
COOP_AVOID RETRY self=1 cmd=POSE_REQUEST(-40) source=1 target=0 seq=91 state=WAIT_PEER_POSE(1) retry=1 extra=0
COOP_AVOID TX self=1 cmd=POSE_REQUEST(-40) source=1 target=0 seq=91 state=WAIT_PEER_POSE(1) retry=1 extra=1
COOP_AVOID RX self=1 cmd=ACK(-34) source=0 target=1 seq=91 state=WAIT_PEER_POSE(1) retry=0 extra=0
COOP_AVOID ACK_MATCH self=1 cmd=POSE_REQUEST(-40) source=0 target=1 seq=91 state=WAIT_PEER_POSE(1) retry=1 extra=0
COOP_AVOID RX self=1 cmd=POSE_RESPONSE(-39) source=0 target=1 seq=91 state=WAIT_PEER_POSE(1) retry=0 extra=0
COOP_AVOID TX self=1 cmd=ACK(-34) source=1 target=0 seq=91 state=WAIT_PEER_POSE(1) retry=0 extra=-39
COOP_AVOID STATUS self=1 cmd=UNKNOWN(74) source=1 target=1 seq=0 state=NORMAL(0) retry=0 extra=0
gmapvalue = 0
ix = 893, iy = 920, GMapWidth = 1800, GMapHeight = 1800
target dynamic blocked in lasermap3
fullpath_error=TARGET_DYNAMIC_BLOCKED_LASER(1004)
Target point temporarily blocked by dynamic map, hold and retry.
COOP_AVOID STATUS self=1 cmd=UNKNOWN(74) source=1 target=1 seq=0 state=NORMAL(0) retry=0 extra=257
COOP_AVOID TRIGGER self=1 cmd=POSE_REQUEST(-40) source=1 target=0 seq=92 state=WAIT_PEER_POSE(1) retry=0 extra=1
COOP_AVOID TX self=1 cmd=POSE_REQUEST(-40) source=1 target=0 seq=92 state=WAIT_PEER_POSE(1) retry=0 extra=1
COOP_AVOID RX self=1 cmd=ACK(-34) source=0 target=1 seq=92 state=WAIT_PEER_POSE(1) retry=0 extra=0
COOP_AVOID ACK_MATCH self=1 cmd=POSE_REQUEST(-40) source=0 target=1 seq=92 state=WAIT_PEER_POSE(1) retry=0 extra=0
COOP_AVOID RX self=1 cmd=POSE_RESPONSE(-39) source=0 target=1 seq=92 state=WAIT_PEER_POSE(1) retry=0 extra=0
COOP_AVOID TX self=1 cmd=ACK(-34) source=1 target=0 seq=92 state=WAIT_PEER_POSE(1) retry=0 extra=-39
COOP_AVOID STATUS self=1 cmd=UNKNOWN(74) source=1 target=1 seq=0 state=NORMAL(0) retry=0 extra=0
gmapvalue = 0
ix = 893, iy = 920, GMapWidth = 1800, GMapHeight = 1800
target dynamic blocked in lasermap3
fullpath_error=TARGET_DYNAMIC_BLOCKED_LASER(1004)
Target point temporarily blocked by dynamic map, hold and retry.
COOP_AVOID STATUS self=1 cmd=UNKNOWN(74) source=1 target=1 seq=0 state=NORMAL(0) retry=0 extra=257
COOP_AVOID TRIGGER self=1 cmd=POSE_REQUEST(-40) source=1 target=0 seq=93 state=WAIT_PEER_POSE(1) retry=0 extra=1
COOP_AVOID TX self=1 cmd=POSE_REQUEST(-40) source=1 target=0 seq=93 state=WAIT_PEER_POSE(1) retry=0 extra=1
gmapvalue = 0
ix = 893, iy = 920, GMapWidth = 1800, GMapHeight = 1800
target dynamic blocked in lasermap3
fullpath_error=TARGET_DYNAMIC_BLOCKED_LASER(1004)
Target point temporarily blocked by dynamic map, hold and retry.
COOP_AVOID RETRY self=1 cmd=POSE_REQUEST(-40) source=1 target=0 seq=93 state=WAIT_PEER_POSE(1) retry=1 extra=0
COOP_AVOID TX self=1 cmd=POSE_REQUEST(-40) source=1 target=0 seq=93 state=WAIT_PEER_POSE(1) retry=1 extra=1
COOP_AVOID RX self=1 cmd=ACK(-34) source=0 target=1 seq=93 state=WAIT_PEER_POSE(1) retry=0 extra=0
COOP_AVOID ACK_MATCH self=1 cmd=POSE_REQUEST(-40) source=0 target=1 seq=93 state=WAIT_PEER_POSE(1) retry=1 extra=0
COOP_AVOID RX self=1 cmd=POSE_RESPONSE(-39) source=0 target=1 seq=93 state=WAIT_PEER_POSE(1) retry=0 extra=0
COOP_AVOID TX self=1 cmd=ACK(-34) source=1 target=0 seq=93 state=WAIT_PEER_POSE(1) retry=0 extra=-39
COOP_AVOID STATUS self=1 cmd=UNKNOWN(74) source=1 target=1 seq=0 state=NORMAL(0) retry=0 extra=0
gmapvalue = 0
ix = 893, iy = 920, GMapWidth = 1800, GMapHeight = 1800
target dynamic blocked in lasermap3
fullpath_error=TARGET_DYNAMIC_BLOCKED_LASER(1004)
Target point temporarily blocked by dynamic map, hold and retry.
COOP_AVOID STATUS self=1 cmd=UNKNOWN(74) source=1 target=1 seq=0 state=NORMAL(0) retry=0 extra=257
COOP_AVOID TRIGGER self=1 cmd=POSE_REQUEST(-40) source=1 target=0 seq=94 state=WAIT_PEER_POSE(1) retry=0 extra=1
COOP_AVOID TX self=1 cmd=POSE_REQUEST(-40) source=1 target=0 seq=94 state=WAIT_PEER_POSE(1) retry=0 extra=1
COOP_AVOID RX self=1 cmd=ACK(-34) source=0 target=1 seq=94 state=WAIT_PEER_POSE(1) retry=0 extra=0
COOP_AVOID ACK_MATCH self=1 cmd=POSE_REQUEST(-40) source=0 target=1 seq=94 state=WAIT_PEER_POSE(1) retry=0 extra=0
COOP_AVOID RX self=1 cmd=POSE_RESPONSE(-39) source=0 target=1 seq=94 state=WAIT_PEER_POSE(1) retry=0 extra=0
COOP_AVOID TX self=1 cmd=ACK(-34) source=1 target=0 seq=94 state=WAIT_PEER_POSE(1) retry=0 extra=-39
COOP_AVOID STATUS self=1 cmd=UNKNOWN(74) source=1 target=1 seq=0 state=NORMAL(0) retry=0 extra=0
gmapvalue = 0
ix = 893, iy = 920, GMapWidth = 1800, GMapHeight = 1800
target dynamic blocked in lasermap3
fullpath_error=TARGET_DYNAMIC_BLOCKED_LASER(1004)
Target point temporarily blocked by dynamic map, hold and retry.
COOP_AVOID RETRY self=1 cmd=POSE_REQUEST(-40) source=1 target=0 seq=95 state=WAIT_PEER_POSE(1) retry=1 extra=0
COOP_AVOID TX self=1 cmd=POSE_REQUEST(-40) source=1 target=0 seq=95 state=WAIT_PEER_POSE(1) retry=1 extra=1
COOP_AVOID STATUS self=1 cmd=UNKNOWN(74) source=1 target=1 seq=0 state=NORMAL(0) retry=0 extra=257
COOP_AVOID TRIGGER self=1 cmd=POSE_REQUEST(-40) source=1 target=0 seq=95 state=WAIT_PEER_POSE(1) retry=0 extra=1
COOP_AVOID TX self=1 cmd=POSE_REQUEST(-40) source=1 target=0 seq=95 state=WAIT_PEER_POSE(1) retry=1 extra=1
COOP_AVOID RX self=1 cmd=ACK(-34) source=0 target=1 seq=95 state=WAIT_PEER_POSE(1) retry=0 extra=0
COOP_AVOID ACK_MATCH self=1 cmd=POSE_REQUEST(-40) source=0 target=1 seq=95 state=WAIT_PEER_POSE(1) retry=1 extra=0
COOP_AVOID RX self=1 cmd=POSE_RESPONSE(-39) source=0 target=1 seq=95 state=WAIT_PEER_POSE(1) retry=0 extra=0
COOP_AVOID TX self=1 cmd=ACK(-34) source=1 target=0 seq=95 state=WAIT_PEER_POSE(1) retry=0 extra=-39
COOP_AVOID STATUS self=1 cmd=UNKNOWN(74) source=1 target=1 seq=0 state=NORMAL(0) retry=0 extra=0
COOP_AVOID RX self=1 cmd=ACK(-34) source=0 target=1 seq=95 state=NORMAL(0) retry=0 extra=0
COOP_AVOID ACK_STALE self=1 cmd=POSE_REQUEST(-40) source=0 target=1 seq=95 state=NORMAL(0) retry=0 extra=0
COOP_AVOID RX self=1 cmd=POSE_RESPONSE(-39) source=0 target=1 seq=95 state=NORMAL(0) retry=0 extra=0
COOP_AVOID TX self=1 cmd=ACK(-34) source=1 target=0 seq=95 state=NORMAL(0) retry=0 extra=-39
gmapvalue = 0
ix = 893, iy = 920, GMapWidth = 1800, GMapHeight = 1800
target dynamic blocked in lasermap3
fullpath_error=TARGET_DYNAMIC_BLOCKED_LASER(1004)
Target point temporarily blocked by dynamic map, hold and retry.
COOP_AVOID STATUS self=1 cmd=UNKNOWN(74) source=1 target=1 seq=0 state=NORMAL(0) retry=0 extra=257
COOP_AVOID TRIGGER self=1 cmd=POSE_REQUEST(-40) source=1 target=0 seq=96 state=WAIT_PEER_POSE(1) retry=0 extra=1
COOP_AVOID TX self=1 cmd=POSE_REQUEST(-40) source=1 target=0 seq=96 state=WAIT_PEER_POSE(1) retry=0 extra=1
COOP_AVOID RX self=1 cmd=POSE_RESPONSE(-39) source=0 target=1 seq=96 state=WAIT_PEER_POSE(1) retry=0 extra=0
COOP_AVOID TX self=1 cmd=ACK(-34) source=1 target=0 seq=96 state=WAIT_PEER_POSE(1) retry=0 extra=-39
COOP_AVOID STATUS self=1 cmd=UNKNOWN(74) source=1 target=1 seq=0 state=NORMAL(0) retry=0 extra=0
gmapvalue = 0
ix = 893, iy = 920, GMapWidth = 1800, GMapHeight = 1800
target dynamic blocked in lasermap3
fullpath_error=TARGET_DYNAMIC_BLOCKED_LASER(1004)
Target point temporarily blocked by dynamic map, hold and retry.
COOP_AVOID STATUS self=1 cmd=UNKNOWN(74) source=1 target=1 seq=0 state=NORMAL(0) retry=0 extra=257
COOP_AVOID TRIGGER self=1 cmd=POSE_REQUEST(-40) source=1 target=0 seq=97 state=WAIT_PEER_POSE(1) retry=0 extra=1
COOP_AVOID TX self=1 cmd=POSE_REQUEST(-40) source=1 target=0 seq=97 state=WAIT_PEER_POSE(1) retry=0 extra=1
COOP_AVOID RX self=1 cmd=ACK(-34) source=0 target=1 seq=97 state=WAIT_PEER_POSE(1) retry=0 extra=0
COOP_AVOID ACK_MATCH self=1 cmd=POSE_REQUEST(-40) source=0 target=1 seq=97 state=WAIT_PEER_POSE(1) retry=0 extra=0
COOP_AVOID RX self=1 cmd=POSE_RESPONSE(-39) source=0 target=1 seq=97 state=WAIT_PEER_POSE(1) retry=0 extra=0
COOP_AVOID TX self=1 cmd=ACK(-34) source=1 target=0 seq=97 state=WAIT_PEER_POSE(1) retry=0 extra=-39
COOP_AVOID STATUS self=1 cmd=UNKNOWN(74) source=1 target=1 seq=0 state=NORMAL(0) retry=0 extra=0
gmapvalue = 0
ix = 893, iy = 920, GMapWidth = 1800, GMapHeight = 1800
target dynamic blocked in lasermap3
fullpath_error=TARGET_DYNAMIC_BLOCKED_LASER(1004)
Target point temporarily blocked by dynamic map, hold and retry.
COOP_AVOID STATUS self=1 cmd=UNKNOWN(74) source=1 target=1 seq=0 state=NORMAL(0) retry=0 extra=257
COOP_AVOID TRIGGER self=1 cmd=POSE_REQUEST(-40) source=1 target=0 seq=98 state=WAIT_PEER_POSE(1) retry=0 extra=1
COOP_AVOID TX self=1 cmd=POSE_REQUEST(-40) source=1 target=0 seq=98 state=WAIT_PEER_POSE(1) retry=0 extra=1
COOP_AVOID RX self=1 cmd=ACK(-34) source=0 target=1 seq=98 state=WAIT_PEER_POSE(1) retry=0 extra=0
COOP_AVOID ACK_MATCH self=1 cmd=POSE_REQUEST(-40) source=0 target=1 seq=98 state=WAIT_PEER_POSE(1) retry=0 extra=0
COOP_AVOID RX self=1 cmd=POSE_RESPONSE(-39) source=0 target=1 seq=98 state=WAIT_PEER_POSE(1) retry=0 extra=0
COOP_AVOID TX self=1 cmd=ACK(-34) source=1 target=0 seq=98 state=WAIT_PEER_POSE(1) retry=0 extra=-39
COOP_AVOID STATUS self=1 cmd=UNKNOWN(74) source=1 target=1 seq=0 state=NORMAL(0) retry=0 extra=0
gmapvalue = 0
ix = 893, iy = 920, GMapWidth = 1800, GMapHeight = 1800
target dynamic blocked in lasermap3
fullpath_error=TARGET_DYNAMIC_BLOCKED_LASER(1004)
Target point temporarily blocked by dynamic map, hold and retry.
COOP_AVOID STATUS self=1 cmd=UNKNOWN(74) source=1 target=1 seq=0 state=NORMAL(0) retry=0 extra=257
COOP_AVOID TRIGGER self=1 cmd=POSE_REQUEST(-40) source=1 target=0 seq=99 state=WAIT_PEER_POSE(1) retry=0 extra=1
COOP_AVOID TX self=1 cmd=POSE_REQUEST(-40) source=1 target=0 seq=99 state=WAIT_PEER_POSE(1) retry=0 extra=1
COOP_AVOID RX self=1 cmd=ACK(-34) source=0 target=1 seq=99 state=WAIT_PEER_POSE(1) retry=0 extra=0
COOP_AVOID ACK_MATCH self=1 cmd=POSE_REQUEST(-40) source=0 target=1 seq=99 state=WAIT_PEER_POSE(1) retry=0 extra=0
COOP_AVOID RX self=1 cmd=POSE_RESPONSE(-39) source=0 target=1 seq=99 state=WAIT_PEER_POSE(1) retry=0 extra=0
COOP_AVOID TX self=1 cmd=ACK(-34) source=1 target=0 seq=99 state=WAIT_PEER_POSE(1) retry=0 extra=-39
COOP_AVOID STATUS self=1 cmd=UNKNOWN(74) source=1 target=1 seq=0 state=NORMAL(0) retry=0 extra=0
gmapvalue = 0
ix = 893, iy = 920, GMapWidth = 1800, GMapHeight = 1800
target dynamic blocked in lasermap3
fullpath_error=TARGET_DYNAMIC_BLOCKED_LASER(1004)
Target point temporarily blocked by dynamic map, hold and retry.
COOP_AVOID STATUS self=1 cmd=UNKNOWN(74) source=1 target=1 seq=0 state=NORMAL(0) retry=0 extra=257
COOP_AVOID TRIGGER self=1 cmd=POSE_REQUEST(-40) source=1 target=0 seq=100 state=WAIT_PEER_POSE(1) retry=0 extra=1
COOP_AVOID TX self=1 cmd=POSE_REQUEST(-40) source=1 target=0 seq=100 state=WAIT_PEER_POSE(1) retry=0 extra=1
COOP_AVOID RX self=1 cmd=ACK(-34) source=0 target=1 seq=100 state=WAIT_PEER_POSE(1) retry=0 extra=0
COOP_AVOID ACK_MATCH self=1 cmd=POSE_REQUEST(-40) source=0 target=1 seq=100 state=WAIT_PEER_POSE(1) retry=0 extra=0
COOP_AVOID RX self=1 cmd=POSE_RESPONSE(-39) source=0 target=1 seq=100 state=WAIT_PEER_POSE(1) retry=0 extra=0
COOP_AVOID TX self=1 cmd=ACK(-34) source=1 target=0 seq=100 state=WAIT_PEER_POSE(1) retry=0 extra=-39
COOP_AVOID STATUS self=1 cmd=UNKNOWN(74) source=1 target=1 seq=0 state=NORMAL(0) retry=0 extra=0
gmapvalue = 0
ix = 893, iy = 920, GMapWidth = 1800, GMapHeight = 1800
target dynamic blocked in lasermap3
fullpath_error=TARGET_DYNAMIC_BLOCKED_LASER(1004)
Target point temporarily blocked by dynamic map, hold and retry.
COOP_AVOID STATUS self=1 cmd=UNKNOWN(74) source=1 target=1 seq=0 state=NORMAL(0) retry=0 extra=257
COOP_AVOID TRIGGER self=1 cmd=POSE_REQUEST(-40) source=1 target=0 seq=101 state=WAIT_PEER_POSE(1) retry=0 extra=1
COOP_AVOID TX self=1 cmd=POSE_REQUEST(-40) source=1 target=0 seq=101 state=WAIT_PEER_POSE(1) retry=0 extra=1
gmapvalue = 0
ix = 893, iy = 920, GMapWidth = 1800, GMapHeight = 1800
target dynamic blocked in lasermap3
fullpath_error=TARGET_DYNAMIC_BLOCKED_LASER(1004)
Target point temporarily blocked by dynamic map, hold and retry.
COOP_AVOID RETRY self=1 cmd=POSE_REQUEST(-40) source=1 target=0 seq=101 state=WAIT_PEER_POSE(1) retry=1 extra=0
COOP_AVOID TX self=1 cmd=POSE_REQUEST(-40) source=1 target=0 seq=101 state=WAIT_PEER_POSE(1) retry=1 extra=1
gmapvalue = 0
ix = 893, iy = 920, GMapWidth = 1800, GMapHeight = 1800
target dynamic blocked in lasermap3
fullpath_error=TARGET_DYNAMIC_BLOCKED_LASER(1004)
Target point temporarily blocked by dynamic map, hold and retry.
COOP_AVOID RX self=1 cmd=ACK(-34) source=0 target=1 seq=101 state=WAIT_PEER_POSE(1) retry=0 extra=0
COOP_AVOID ACK_MATCH self=1 cmd=POSE_REQUEST(-40) source=0 target=1 seq=101 state=WAIT_PEER_POSE(1) retry=1 extra=0
COOP_AVOID RX self=1 cmd=POSE_RESPONSE(-39) source=0 target=1 seq=101 state=WAIT_PEER_POSE(1) retry=0 extra=0
COOP_AVOID TX self=1 cmd=ACK(-34) source=1 target=0 seq=101 state=WAIT_PEER_POSE(1) retry=0 extra=-39
COOP_AVOID STATUS self=1 cmd=UNKNOWN(74) source=1 target=1 seq=0 state=NORMAL(0) retry=0 extra=0
gmapvalue = 0
ix = 893, iy = 920, GMapWidth = 1800, GMapHeight = 1800
target dynamic blocked in lasermap3
fullpath_error=TARGET_DYNAMIC_BLOCKED_LASER(1004)
Target point temporarily blocked by dynamic map, hold and retry.
COOP_AVOID STATUS self=1 cmd=UNKNOWN(74) source=1 target=1 seq=0 state=NORMAL(0) retry=0 extra=257
COOP_AVOID TRIGGER self=1 cmd=POSE_REQUEST(-40) source=1 target=0 seq=102 state=WAIT_PEER_POSE(1) retry=0 extra=1
COOP_AVOID TX self=1 cmd=POSE_REQUEST(-40) source=1 target=0 seq=102 state=WAIT_PEER_POSE(1) retry=0 extra=1
COOP_AVOID RX self=1 cmd=ACK(-34) source=0 target=1 seq=102 state=WAIT_PEER_POSE(1) retry=0 extra=0
COOP_AVOID ACK_MATCH self=1 cmd=POSE_REQUEST(-40) source=0 target=1 seq=102 state=WAIT_PEER_POSE(1) retry=0 extra=0
COOP_AVOID RX self=1 cmd=POSE_RESPONSE(-39) source=0 target=1 seq=102 state=WAIT_PEER_POSE(1) retry=0 extra=0
COOP_AVOID TX self=1 cmd=ACK(-34) source=1 target=0 seq=102 state=WAIT_PEER_POSE(1) retry=0 extra=-39
COOP_AVOID STATUS self=1 cmd=UNKNOWN(74) source=1 target=1 seq=0 state=NORMAL(0) retry=0 extra=0
gmapvalue = 0
ix = 893, iy = 920, GMapWidth = 1800, GMapHeight = 1800
target dynamic blocked in lasermap3
fullpath_error=TARGET_DYNAMIC_BLOCKED_LASER(1004)
Target point temporarily blocked by dynamic map, hold and retry.
COOP_AVOID STATUS self=1 cmd=UNKNOWN(74) source=1 target=1 seq=0 state=NORMAL(0) retry=0 extra=257
COOP_AVOID TRIGGER self=1 cmd=POSE_REQUEST(-40) source=1 target=0 seq=103 state=WAIT_PEER_POSE(1) retry=0 extra=1
COOP_AVOID TX self=1 cmd=POSE_REQUEST(-40) source=1 target=0 seq=103 state=WAIT_PEER_POSE(1) retry=0 extra=1
gmapvalue = 0
ix = 893, iy = 920, GMapWidth = 1800, GMapHeight = 1800
target dynamic blocked in lasermap3
fullpath_error=TARGET_DYNAMIC_BLOCKED_LASER(1004)
Target point temporarily blocked by dynamic map, hold and retry.
COOP_AVOID RETRY self=1 cmd=POSE_REQUEST(-40) source=1 target=0 seq=103 state=WAIT_PEER_POSE(1) retry=1 extra=0
COOP_AVOID TX self=1 cmd=POSE_REQUEST(-40) source=1 target=0 seq=103 state=WAIT_PEER_POSE(1) retry=1 extra=1
COOP_AVOID RX self=1 cmd=ACK(-34) source=0 target=1 seq=103 state=WAIT_PEER_POSE(1) retry=0 extra=0
COOP_AVOID ACK_MATCH self=1 cmd=POSE_REQUEST(-40) source=0 target=1 seq=103 state=WAIT_PEER_POSE(1) retry=1 extra=0
COOP_AVOID RX self=1 cmd=POSE_RESPONSE(-39) source=0 target=1 seq=103 state=WAIT_PEER_POSE(1) retry=0 extra=0
COOP_AVOID TX self=1 cmd=ACK(-34) source=1 target=0 seq=103 state=WAIT_PEER_POSE(1) retry=0 extra=-39
COOP_AVOID STATUS self=1 cmd=UNKNOWN(74) source=1 target=1 seq=0 state=NORMAL(0) retry=0 extra=0
gmapvalue = 0
ix = 893, iy = 920, GMapWidth = 1800, GMapHeight = 1800
target dynamic blocked in lasermap3
fullpath_error=TARGET_DYNAMIC_BLOCKED_LASER(1004)
Target point temporarily blocked by dynamic map, hold and retry.
COOP_AVOID STATUS self=1 cmd=UNKNOWN(74) source=1 target=1 seq=0 state=NORMAL(0) retry=0 extra=257
COOP_AVOID TRIGGER self=1 cmd=POSE_REQUEST(-40) source=1 target=0 seq=104 state=WAIT_PEER_POSE(1) retry=0 extra=1
COOP_AVOID TX self=1 cmd=POSE_REQUEST(-40) source=1 target=0 seq=104 state=WAIT_PEER_POSE(1) retry=0 extra=1
COOP_AVOID RX self=1 cmd=ACK(-34) source=0 target=1 seq=104 state=WAIT_PEER_POSE(1) retry=0 extra=0
COOP_AVOID ACK_MATCH self=1 cmd=POSE_REQUEST(-40) source=0 target=1 seq=104 state=WAIT_PEER_POSE(1) retry=0 extra=0
COOP_AVOID RX self=1 cmd=POSE_RESPONSE(-39) source=0 target=1 seq=104 state=WAIT_PEER_POSE(1) retry=0 extra=0
COOP_AVOID TX self=1 cmd=ACK(-34) source=1 target=0 seq=104 state=WAIT_PEER_POSE(1) retry=0 extra=-39
COOP_AVOID STATUS self=1 cmd=UNKNOWN(74) source=1 target=1 seq=0 state=NORMAL(0) retry=0 extra=0
gmapvalue = 0
ix = 893, iy = 920, GMapWidth = 1800, GMapHeight = 1800
target dynamic blocked in lasermap3
fullpath_error=TARGET_DYNAMIC_BLOCKED_LASER(1004)
Target point temporarily blocked by dynamic map, hold and retry.
COOP_AVOID STATUS self=1 cmd=UNKNOWN(74) source=1 target=1 seq=0 state=NORMAL(0) retry=0 extra=257
COOP_AVOID TRIGGER self=1 cmd=POSE_REQUEST(-40) source=1 target=0 seq=105 state=WAIT_PEER_POSE(1) retry=0 extra=1
COOP_AVOID TX self=1 cmd=POSE_REQUEST(-40) source=1 target=0 seq=105 state=WAIT_PEER_POSE(1) retry=0 extra=1
COOP_AVOID RX self=1 cmd=ACK(-34) source=0 target=1 seq=105 state=WAIT_PEER_POSE(1) retry=0 extra=0
COOP_AVOID ACK_MATCH self=1 cmd=POSE_REQUEST(-40) source=0 target=1 seq=105 state=WAIT_PEER_POSE(1) retry=0 extra=0
COOP_AVOID RX self=1 cmd=POSE_RESPONSE(-39) source=0 target=1 seq=105 state=WAIT_PEER_POSE(1) retry=0 extra=0
COOP_AVOID TX self=1 cmd=ACK(-34) source=1 target=0 seq=105 state=WAIT_PEER_POSE(1) retry=0 extra=-39
COOP_AVOID STATUS self=1 cmd=UNKNOWN(74) source=1 target=1 seq=0 state=NORMAL(0) retry=0 extra=0
gmapvalue = 0
ix = 893, iy = 920, GMapWidth = 1800, GMapHeight = 1800
target dynamic blocked in lasermap3
fullpath_error=TARGET_DYNAMIC_BLOCKED_LASER(1004)
Target point temporarily blocked by dynamic map, hold and retry.
COOP_AVOID STATUS self=1 cmd=UNKNOWN(74) source=1 target=1 seq=0 state=NORMAL(0) retry=0 extra=257
COOP_AVOID TRIGGER self=1 cmd=POSE_REQUEST(-40) source=1 target=0 seq=106 state=WAIT_PEER_POSE(1) retry=0 extra=1
COOP_AVOID TX self=1 cmd=POSE_REQUEST(-40) source=1 target=0 seq=106 state=WAIT_PEER_POSE(1) retry=0 extra=1
COOP_AVOID RX self=1 cmd=ACK(-34) source=0 target=1 seq=106 state=WAIT_PEER_POSE(1) retry=0 extra=0
COOP_AVOID ACK_MATCH self=1 cmd=POSE_REQUEST(-40) source=0 target=1 seq=106 state=WAIT_PEER_POSE(1) retry=0 extra=0
COOP_AVOID RX self=1 cmd=POSE_RESPONSE(-39) source=0 target=1 seq=106 state=WAIT_PEER_POSE(1) retry=0 extra=0
COOP_AVOID TX self=1 cmd=ACK(-34) source=1 target=0 seq=106 state=WAIT_PEER_POSE(1) retry=0 extra=-39
COOP_AVOID STATUS self=1 cmd=UNKNOWN(74) source=1 target=1 seq=0 state=NORMAL(0) retry=0 extra=0
gmapvalue = 0
ix = 893, iy = 920, GMapWidth = 1800, GMapHeight = 1800
target dynamic blocked in lasermap3
fullpath_error=TARGET_DYNAMIC_BLOCKED_LASER(1004)
Target point temporarily blocked by dynamic map, hold and retry.
COOP_AVOID STATUS self=1 cmd=UNKNOWN(74) source=1 target=1 seq=0 state=NORMAL(0) retry=0 extra=257
COOP_AVOID TRIGGER self=1 cmd=POSE_REQUEST(-40) source=1 target=0 seq=107 state=WAIT_PEER_POSE(1) retry=0 extra=1
COOP_AVOID TX self=1 cmd=POSE_REQUEST(-40) source=1 target=0 seq=107 state=WAIT_PEER_POSE(1) retry=0 extra=1
COOP_AVOID RX self=1 cmd=ACK(-34) source=0 target=1 seq=107 state=WAIT_PEER_POSE(1) retry=0 extra=0
COOP_AVOID ACK_MATCH self=1 cmd=POSE_REQUEST(-40) source=0 target=1 seq=107 state=WAIT_PEER_POSE(1) retry=0 extra=0
COOP_AVOID RX self=1 cmd=POSE_RESPONSE(-39) source=0 target=1 seq=107 state=WAIT_PEER_POSE(1) retry=0 extra=0
COOP_AVOID TX self=1 cmd=ACK(-34) source=1 target=0 seq=107 state=WAIT_PEER_POSE(1) retry=0 extra=-39
COOP_AVOID STATUS self=1 cmd=UNKNOWN(74) source=1 target=1 seq=0 state=NORMAL(0) retry=0 extra=0
gmapvalue = 0
ix = 893, iy = 920, GMapWidth = 1800, GMapHeight = 1800
target dynamic blocked in lasermap3
fullpath_error=TARGET_DYNAMIC_BLOCKED_LASER(1004)
Target point temporarily blocked by dynamic map, hold and retry.
COOP_AVOID STATUS self=1 cmd=UNKNOWN(74) source=1 target=1 seq=0 state=NORMAL(0) retry=0 extra=257
COOP_AVOID TRIGGER self=1 cmd=POSE_REQUEST(-40) source=1 target=0 seq=108 state=WAIT_PEER_POSE(1) retry=0 extra=1
COOP_AVOID TX self=1 cmd=POSE_REQUEST(-40) source=1 target=0 seq=108 state=WAIT_PEER_POSE(1) retry=0 extra=1
COOP_AVOID RX self=1 cmd=ACK(-34) source=0 target=1 seq=108 state=WAIT_PEER_POSE(1) retry=0 extra=0
COOP_AVOID ACK_MATCH self=1 cmd=POSE_REQUEST(-40) source=0 target=1 seq=108 state=WAIT_PEER_POSE(1) retry=0 extra=0
COOP_AVOID RX self=1 cmd=POSE_RESPONSE(-39) source=0 target=1 seq=108 state=WAIT_PEER_POSE(1) retry=0 extra=0
COOP_AVOID TX self=1 cmd=ACK(-34) source=1 target=0 seq=108 state=WAIT_PEER_POSE(1) retry=0 extra=-39
COOP_AVOID STATUS self=1 cmd=UNKNOWN(74) source=1 target=1 seq=0 state=NORMAL(0) retry=0 extra=0
gmapvalue = 0
ix = 893, iy = 920, GMapWidth = 1800, GMapHeight = 1800
target dynamic blocked in lasermap3
fullpath_error=TARGET_DYNAMIC_BLOCKED_LASER(1004)
Target point temporarily blocked by dynamic map, hold and retry.
COOP_AVOID STATUS self=1 cmd=UNKNOWN(74) source=1 target=1 seq=0 state=NORMAL(0) retry=0 extra=257
COOP_AVOID TRIGGER self=1 cmd=POSE_REQUEST(-40) source=1 target=0 seq=109 state=WAIT_PEER_POSE(1) retry=0 extra=1
COOP_AVOID TX self=1 cmd=POSE_REQUEST(-40) source=1 target=0 seq=109 state=WAIT_PEER_POSE(1) retry=0 extra=1
COOP_AVOID RX self=1 cmd=ACK(-34) source=0 target=1 seq=109 state=WAIT_PEER_POSE(1) retry=0 extra=0
COOP_AVOID ACK_MATCH self=1 cmd=POSE_REQUEST(-40) source=0 target=1 seq=109 state=WAIT_PEER_POSE(1) retry=0 extra=0
COOP_AVOID RX self=1 cmd=POSE_RESPONSE(-39) source=0 target=1 seq=109 state=WAIT_PEER_POSE(1) retry=0 extra=0
COOP_AVOID TX self=1 cmd=ACK(-34) source=1 target=0 seq=109 state=WAIT_PEER_POSE(1) retry=0 extra=-39
COOP_AVOID STATUS self=1 cmd=UNKNOWN(74) source=1 target=1 seq=0 state=NORMAL(0) retry=0 extra=0
gmapvalue = 0
ix = 893, iy = 920, GMapWidth = 1800, GMapHeight = 1800
target dynamic blocked in lasermap3
fullpath_error=TARGET_DYNAMIC_BLOCKED_LASER(1004)
Target point temporarily blocked by dynamic map, hold and retry.
COOP_AVOID STATUS self=1 cmd=UNKNOWN(74) source=1 target=1 seq=0 state=NORMAL(0) retry=0 extra=257
COOP_AVOID TRIGGER self=1 cmd=POSE_REQUEST(-40) source=1 target=0 seq=110 state=WAIT_PEER_POSE(1) retry=0 extra=1
COOP_AVOID TX self=1 cmd=POSE_REQUEST(-40) source=1 target=0 seq=110 state=WAIT_PEER_POSE(1) retry=0 extra=1
COOP_AVOID RX self=1 cmd=ACK(-34) source=0 target=1 seq=110 state=WAIT_PEER_POSE(1) retry=0 extra=0
COOP_AVOID ACK_MATCH self=1 cmd=POSE_REQUEST(-40) source=0 target=1 seq=110 state=WAIT_PEER_POSE(1) retry=0 extra=0
COOP_AVOID RX self=1 cmd=POSE_RESPONSE(-39) source=0 target=1 seq=110 state=WAIT_PEER_POSE(1) retry=0 extra=0
COOP_AVOID TX self=1 cmd=ACK(-34) source=1 target=0 seq=110 state=WAIT_PEER_POSE(1) retry=0 extra=-39
COOP_AVOID STATUS self=1 cmd=UNKNOWN(74) source=1 target=1 seq=0 state=NORMAL(0) retry=0 extra=0
gmapvalue = 0
ix = 893, iy = 920, GMapWidth = 1800, GMapHeight = 1800
target dynamic blocked in lasermap3
fullpath_error=TARGET_DYNAMIC_BLOCKED_LASER(1004)
Target point temporarily blocked by dynamic map, hold and retry.
COOP_AVOID STATUS self=1 cmd=UNKNOWN(74) source=1 target=1 seq=0 state=NORMAL(0) retry=0 extra=257
COOP_AVOID TRIGGER self=1 cmd=POSE_REQUEST(-40) source=1 target=0 seq=111 state=WAIT_PEER_POSE(1) retry=0 extra=1
COOP_AVOID TX self=1 cmd=POSE_REQUEST(-40) source=1 target=0 seq=111 state=WAIT_PEER_POSE(1) retry=0 extra=1
COOP_AVOID RX self=1 cmd=ACK(-34) source=0 target=1 seq=111 state=WAIT_PEER_POSE(1) retry=0 extra=0
COOP_AVOID ACK_MATCH self=1 cmd=POSE_REQUEST(-40) source=0 target=1 seq=111 state=WAIT_PEER_POSE(1) retry=0 extra=0
COOP_AVOID RX self=1 cmd=POSE_RESPONSE(-39) source=0 target=1 seq=111 state=WAIT_PEER_POSE(1) retry=0 extra=0
COOP_AVOID TX self=1 cmd=ACK(-34) source=1 target=0 seq=111 state=WAIT_PEER_POSE(1) retry=0 extra=-39
COOP_AVOID STATUS self=1 cmd=UNKNOWN(74) source=1 target=1 seq=0 state=NORMAL(0) retry=0 extra=0
gmapvalue = 0
ix = 893, iy = 920, GMapWidth = 1800, GMapHeight = 1800
target dynamic blocked in lasermap3
fullpath_error=TARGET_DYNAMIC_BLOCKED_LASER(1004)
Target point temporarily blocked by dynamic map, hold and retry.
COOP_AVOID STATUS self=1 cmd=UNKNOWN(74) source=1 target=1 seq=0 state=NORMAL(0) retry=0 extra=257
COOP_AVOID TRIGGER self=1 cmd=POSE_REQUEST(-40) source=1 target=0 seq=112 state=WAIT_PEER_POSE(1) retry=0 extra=1
COOP_AVOID TX self=1 cmd=POSE_REQUEST(-40) source=1 target=0 seq=112 state=WAIT_PEER_POSE(1) retry=0 extra=1
gmapvalue = 0
ix = 893, iy = 920, GMapWidth = 1800, GMapHeight = 1800
target dynamic blocked in lasermap3
fullpath_error=TARGET_DYNAMIC_BLOCKED_LASER(1004)
Target point temporarily blocked by dynamic map, hold and retry.
COOP_AVOID RETRY self=1 cmd=POSE_REQUEST(-40) source=1 target=0 seq=112 state=WAIT_PEER_POSE(1) retry=1 extra=0
COOP_AVOID TX self=1 cmd=POSE_REQUEST(-40) source=1 target=0 seq=112 state=WAIT_PEER_POSE(1) retry=1 extra=1
COOP_AVOID RX self=1 cmd=ACK(-34) source=0 target=1 seq=112 state=WAIT_PEER_POSE(1) retry=0 extra=0
COOP_AVOID ACK_MATCH self=1 cmd=POSE_REQUEST(-40) source=0 target=1 seq=112 state=WAIT_PEER_POSE(1) retry=1 extra=0
COOP_AVOID RX self=1 cmd=POSE_RESPONSE(-39) source=0 target=1 seq=112 state=WAIT_PEER_POSE(1) retry=0 extra=0
COOP_AVOID TX self=1 cmd=ACK(-34) source=1 target=0 seq=112 state=WAIT_PEER_POSE(1) retry=0 extra=-39
COOP_AVOID STATUS self=1 cmd=UNKNOWN(74) source=1 target=1 seq=0 state=NORMAL(0) retry=0 extra=0
gmapvalue = 0
ix = 893, iy = 920, GMapWidth = 1800, GMapHeight = 1800
target dynamic blocked in lasermap3
fullpath_error=TARGET_DYNAMIC_BLOCKED_LASER(1004)
Target point temporarily blocked by dynamic map, hold and retry.
COOP_AVOID STATUS self=1 cmd=UNKNOWN(74) source=1 target=1 seq=0 state=NORMAL(0) retry=0 extra=257
COOP_AVOID TRIGGER self=1 cmd=POSE_REQUEST(-40) source=1 target=0 seq=113 state=WAIT_PEER_POSE(1) retry=0 extra=1
COOP_AVOID TX self=1 cmd=POSE_REQUEST(-40) source=1 target=0 seq=113 state=WAIT_PEER_POSE(1) retry=0 extra=1
COOP_AVOID RX self=1 cmd=ACK(-34) source=0 target=1 seq=113 state=WAIT_PEER_POSE(1) retry=0 extra=0
COOP_AVOID ACK_MATCH self=1 cmd=POSE_REQUEST(-40) source=0 target=1 seq=113 state=WAIT_PEER_POSE(1) retry=0 extra=0
COOP_AVOID RX self=1 cmd=POSE_RESPONSE(-39) source=0 target=1 seq=113 state=WAIT_PEER_POSE(1) retry=0 extra=0
COOP_AVOID TX self=1 cmd=ACK(-34) source=1 target=0 seq=113 state=WAIT_PEER_POSE(1) retry=0 extra=-39
COOP_AVOID STATUS self=1 cmd=UNKNOWN(74) source=1 target=1 seq=0 state=NORMAL(0) retry=0 extra=0
gmapvalue = 0
ix = 893, iy = 920, GMapWidth = 1800, GMapHeight = 1800
target dynamic blocked in lasermap3
fullpath_error=TARGET_DYNAMIC_BLOCKED_LASER(1004)
Target point temporarily blocked by dynamic map, hold and retry.
COOP_AVOID STATUS self=1 cmd=UNKNOWN(74) source=1 target=1 seq=0 state=NORMAL(0) retry=0 extra=257
COOP_AVOID TRIGGER self=1 cmd=POSE_REQUEST(-40) source=1 target=0 seq=114 state=WAIT_PEER_POSE(1) retry=0 extra=1
COOP_AVOID TX self=1 cmd=POSE_REQUEST(-40) source=1 target=0 seq=114 state=WAIT_PEER_POSE(1) retry=0 extra=1
COOP_AVOID RX self=1 cmd=POSE_RESPONSE(-39) source=0 target=1 seq=114 state=WAIT_PEER_POSE(1) retry=0 extra=0
COOP_AVOID TX self=1 cmd=ACK(-34) source=1 target=0 seq=114 state=WAIT_PEER_POSE(1) retry=0 extra=-39
COOP_AVOID STATUS self=1 cmd=UNKNOWN(74) source=1 target=1 seq=0 state=NORMAL(0) retry=0 extra=0
gmapvalue = 0
ix = 893, iy = 920, GMapWidth = 1800, GMapHeight = 1800
target dynamic blocked in lasermap3
fullpath_error=TARGET_DYNAMIC_BLOCKED_LASER(1004)
Target point temporarily blocked by dynamic map, hold and retry.
COOP_AVOID STATUS self=1 cmd=UNKNOWN(74) source=1 target=1 seq=0 state=NORMAL(0) retry=0 extra=257
COOP_AVOID TRIGGER self=1 cmd=POSE_REQUEST(-40) source=1 target=0 seq=115 state=WAIT_PEER_POSE(1) retry=0 extra=1
COOP_AVOID TX self=1 cmd=POSE_REQUEST(-40) source=1 target=0 seq=115 state=WAIT_PEER_POSE(1) retry=0 extra=1
gmapvalue = 0
ix = 893, iy = 920, GMapWidth = 1800, GMapHeight = 1800
target dynamic blocked in lasermap3
fullpath_error=TARGET_DYNAMIC_BLOCKED_LASER(1004)
Target point temporarily blocked by dynamic map, hold and retry.
COOP_AVOID RETRY self=1 cmd=POSE_REQUEST(-40) source=1 target=0 seq=115 state=WAIT_PEER_POSE(1) retry=1 extra=0
COOP_AVOID TX self=1 cmd=POSE_REQUEST(-40) source=1 target=0 seq=115 state=WAIT_PEER_POSE(1) retry=1 extra=1
COOP_AVOID RX self=1 cmd=ACK(-34) source=0 target=1 seq=115 state=WAIT_PEER_POSE(1) retry=0 extra=0
COOP_AVOID ACK_MATCH self=1 cmd=POSE_REQUEST(-40) source=0 target=1 seq=115 state=WAIT_PEER_POSE(1) retry=1 extra=0
COOP_AVOID RX self=1 cmd=POSE_RESPONSE(-39) source=0 target=1 seq=115 state=WAIT_PEER_POSE(1) retry=0 extra=0
COOP_AVOID TX self=1 cmd=ACK(-34) source=1 target=0 seq=115 state=WAIT_PEER_POSE(1) retry=0 extra=-39
COOP_AVOID STATUS self=1 cmd=UNKNOWN(74) source=1 target=1 seq=0 state=NORMAL(0) retry=0 extra=0
gmapvalue = 0
ix = 893, iy = 920, GMapWidth = 1800, GMapHeight = 1800
target dynamic blocked in lasermap3
fullpath_error=TARGET_DYNAMIC_BLOCKED_LASER(1004)
Target point temporarily blocked by dynamic map, hold and retry.
COOP_AVOID STATUS self=1 cmd=UNKNOWN(74) source=1 target=1 seq=0 state=NORMAL(0) retry=0 extra=257
COOP_AVOID TRIGGER self=1 cmd=POSE_REQUEST(-40) source=1 target=0 seq=116 state=WAIT_PEER_POSE(1) retry=0 extra=1
COOP_AVOID TX self=1 cmd=POSE_REQUEST(-40) source=1 target=0 seq=116 state=WAIT_PEER_POSE(1) retry=0 extra=1
COOP_AVOID RX self=1 cmd=ACK(-34) source=0 target=1 seq=116 state=WAIT_PEER_POSE(1) retry=0 extra=0
COOP_AVOID ACK_MATCH self=1 cmd=POSE_REQUEST(-40) source=0 target=1 seq=116 state=WAIT_PEER_POSE(1) retry=0 extra=0
COOP_AVOID RX self=1 cmd=POSE_RESPONSE(-39) source=0 target=1 seq=116 state=WAIT_PEER_POSE(1) retry=0 extra=0
COOP_AVOID TX self=1 cmd=ACK(-34) source=1 target=0 seq=116 state=WAIT_PEER_POSE(1) retry=0 extra=-39
COOP_AVOID STATUS self=1 cmd=UNKNOWN(74) source=1 target=1 seq=0 state=NORMAL(0) retry=0 extra=0
gmapvalue = 0
ix = 893, iy = 920, GMapWidth = 1800, GMapHeight = 1800
target dynamic blocked in lasermap3
fullpath_error=TARGET_DYNAMIC_BLOCKED_LASER(1004)
Target point temporarily blocked by dynamic map, hold and retry.
COOP_AVOID STATUS self=1 cmd=UNKNOWN(74) source=1 target=1 seq=0 state=NORMAL(0) retry=0 extra=257
COOP_AVOID TRIGGER self=1 cmd=POSE_REQUEST(-40) source=1 target=0 seq=117 state=WAIT_PEER_POSE(1) retry=0 extra=1
COOP_AVOID TX self=1 cmd=POSE_REQUEST(-40) source=1 target=0 seq=117 state=WAIT_PEER_POSE(1) retry=0 extra=1
COOP_AVOID RX self=1 cmd=ACK(-34) source=0 target=1 seq=117 state=WAIT_PEER_POSE(1) retry=0 extra=0
COOP_AVOID ACK_MATCH self=1 cmd=POSE_REQUEST(-40) source=0 target=1 seq=117 state=WAIT_PEER_POSE(1) retry=0 extra=0
COOP_AVOID RX self=1 cmd=POSE_RESPONSE(-39) source=0 target=1 seq=117 state=WAIT_PEER_POSE(1) retry=0 extra=0
COOP_AVOID TX self=1 cmd=ACK(-34) source=1 target=0 seq=117 state=WAIT_PEER_POSE(1) retry=0 extra=-39
COOP_AVOID STATUS self=1 cmd=UNKNOWN(74) source=1 target=1 seq=0 state=NORMAL(0) retry=0 extra=0
gmapvalue = 0
ix = 893, iy = 920, GMapWidth = 1800, GMapHeight = 1800
target dynamic blocked in lasermap3
fullpath_error=TARGET_DYNAMIC_BLOCKED_LASER(1004)
Target point temporarily blocked by dynamic map, hold and retry.
COOP_AVOID STATUS self=1 cmd=UNKNOWN(74) source=1 target=1 seq=0 state=NORMAL(0) retry=0 extra=257
COOP_AVOID TRIGGER self=1 cmd=POSE_REQUEST(-40) source=1 target=0 seq=118 state=WAIT_PEER_POSE(1) retry=0 extra=1
COOP_AVOID TX self=1 cmd=POSE_REQUEST(-40) source=1 target=0 seq=118 state=WAIT_PEER_POSE(1) retry=0 extra=1
COOP_AVOID RX self=1 cmd=ACK(-34) source=0 target=1 seq=118 state=WAIT_PEER_POSE(1) retry=0 extra=0
COOP_AVOID ACK_MATCH self=1 cmd=POSE_REQUEST(-40) source=0 target=1 seq=118 state=WAIT_PEER_POSE(1) retry=0 extra=0
COOP_AVOID RX self=1 cmd=POSE_RESPONSE(-39) source=0 target=1 seq=118 state=WAIT_PEER_POSE(1) retry=0 extra=0
COOP_AVOID TX self=1 cmd=ACK(-34) source=1 target=0 seq=118 state=WAIT_PEER_POSE(1) retry=0 extra=-39
COOP_AVOID STATUS self=1 cmd=UNKNOWN(74) source=1 target=1 seq=0 state=NORMAL(0) retry=0 extra=0
gmapvalue = 0
ix = 893, iy = 920, GMapWidth = 1800, GMapHeight = 1800
target dynamic blocked in lasermap3
fullpath_error=TARGET_DYNAMIC_BLOCKED_LASER(1004)
Target point temporarily blocked by dynamic map, hold and retry.
COOP_AVOID STATUS self=1 cmd=UNKNOWN(74) source=1 target=1 seq=0 state=NORMAL(0) retry=0 extra=257
COOP_AVOID TRIGGER self=1 cmd=POSE_REQUEST(-40) source=1 target=0 seq=119 state=WAIT_PEER_POSE(1) retry=0 extra=1
COOP_AVOID TX self=1 cmd=POSE_REQUEST(-40) source=1 target=0 seq=119 state=WAIT_PEER_POSE(1) retry=0 extra=1
gmapvalue = 0
ix = 893, iy = 920, GMapWidth = 1800, GMapHeight = 1800
target dynamic blocked in lasermap3
fullpath_error=TARGET_DYNAMIC_BLOCKED_LASER(1004)
Target point temporarily blocked by dynamic map, hold and retry.
COOP_AVOID RETRY self=1 cmd=POSE_REQUEST(-40) source=1 target=0 seq=119 state=WAIT_PEER_POSE(1) retry=1 extra=0
COOP_AVOID TX self=1 cmd=POSE_REQUEST(-40) source=1 target=0 seq=119 state=WAIT_PEER_POSE(1) retry=1 extra=1
COOP_AVOID RX self=1 cmd=ACK(-34) source=0 target=1 seq=119 state=WAIT_PEER_POSE(1) retry=0 extra=0
COOP_AVOID ACK_MATCH self=1 cmd=POSE_REQUEST(-40) source=0 target=1 seq=119 state=WAIT_PEER_POSE(1) retry=1 extra=0
COOP_AVOID RX self=1 cmd=POSE_RESPONSE(-39) source=0 target=1 seq=119 state=WAIT_PEER_POSE(1) retry=0 extra=0
COOP_AVOID TX self=1 cmd=ACK(-34) source=1 target=0 seq=119 state=WAIT_PEER_POSE(1) retry=0 extra=-39
COOP_AVOID STATUS self=1 cmd=UNKNOWN(74) source=1 target=1 seq=0 state=NORMAL(0) retry=0 extra=0
COOP_AVOID RX self=1 cmd=ACK(-34) source=0 target=1 seq=119 state=NORMAL(0) retry=0 extra=0
COOP_AVOID ACK_STALE self=1 cmd=POSE_REQUEST(-40) source=0 target=1 seq=119 state=NORMAL(0) retry=0 extra=0
COOP_AVOID RX self=1 cmd=POSE_RESPONSE(-39) source=0 target=1 seq=119 state=NORMAL(0) retry=0 extra=0
COOP_AVOID TX self=1 cmd=ACK(-34) source=1 target=0 seq=119 state=NORMAL(0) retry=0 extra=-39
gmapvalue = 0
ix = 893, iy = 920, GMapWidth = 1800, GMapHeight = 1800
target dynamic blocked in lasermap3
fullpath_error=TARGET_DYNAMIC_BLOCKED_LASER(1004)
Target point temporarily blocked by dynamic map, hold and retry.
COOP_AVOID STATUS self=1 cmd=UNKNOWN(74) source=1 target=1 seq=0 state=NORMAL(0) retry=0 extra=257
COOP_AVOID TRIGGER self=1 cmd=POSE_REQUEST(-40) source=1 target=0 seq=120 state=WAIT_PEER_POSE(1) retry=0 extra=1
COOP_AVOID TX self=1 cmd=POSE_REQUEST(-40) source=1 target=0 seq=120 state=WAIT_PEER_POSE(1) retry=0 extra=1
COOP_AVOID RX self=1 cmd=ACK(-34) source=0 target=1 seq=120 state=WAIT_PEER_POSE(1) retry=0 extra=0
COOP_AVOID ACK_MATCH self=1 cmd=POSE_REQUEST(-40) source=0 target=1 seq=120 state=WAIT_PEER_POSE(1) retry=0 extra=0
COOP_AVOID RX self=1 cmd=POSE_RESPONSE(-39) source=0 target=1 seq=120 state=WAIT_PEER_POSE(1) retry=0 extra=0
COOP_AVOID TX self=1 cmd=ACK(-34) source=1 target=0 seq=120 state=WAIT_PEER_POSE(1) retry=0 extra=-39
COOP_AVOID STATUS self=1 cmd=UNKNOWN(74) source=1 target=1 seq=0 state=NORMAL(0) retry=0 extra=0
gmapvalue = 0
ix = 893, iy = 920, GMapWidth = 1800, GMapHeight = 1800
target dynamic blocked in lasermap3
fullpath_error=TARGET_DYNAMIC_BLOCKED_LASER(1004)
Target point temporarily blocked by dynamic map, hold and retry.
COOP_AVOID STATUS self=1 cmd=UNKNOWN(74) source=1 target=1 seq=0 state=NORMAL(0) retry=0 extra=257
COOP_AVOID TRIGGER self=1 cmd=POSE_REQUEST(-40) source=1 target=0 seq=1 state=WAIT_PEER_POSE(1) retry=0 extra=1
COOP_AVOID TX self=1 cmd=POSE_REQUEST(-40) source=1 target=0 seq=1 state=WAIT_PEER_POSE(1) retry=0 extra=1
gmapvalue = 0
ix = 893, iy = 920, GMapWidth = 1800, GMapHeight = 1800
target dynamic blocked in lasermap3
fullpath_error=TARGET_DYNAMIC_BLOCKED_LASER(1004)
Target point temporarily blocked by dynamic map, hold and retry.
COOP_AVOID RX self=1 cmd=ACK(-34) source=0 target=1 seq=1 state=WAIT_PEER_POSE(1) retry=0 extra=0
COOP_AVOID ACK_MATCH self=1 cmd=POSE_REQUEST(-40) source=0 target=1 seq=1 state=WAIT_PEER_POSE(1) retry=0 extra=0
COOP_AVOID RX self=1 cmd=POSE_RESPONSE(-39) source=0 target=1 seq=1 state=WAIT_PEER_POSE(1) retry=0 extra=0
COOP_AVOID TX self=1 cmd=ACK(-34) source=1 target=0 seq=1 state=WAIT_PEER_POSE(1) retry=0 extra=-39
COOP_AVOID STATUS self=1 cmd=UNKNOWN(74) source=1 target=1 seq=0 state=NORMAL(0) retry=0 extra=0
gmapvalue = 0
ix = 893, iy = 920, GMapWidth = 1800, GMapHeight = 1800
target dynamic blocked in lasermap3
fullpath_error=TARGET_DYNAMIC_BLOCKED_LASER(1004)
Target point temporarily blocked by dynamic map, hold and retry.
COOP_AVOID STATUS self=1 cmd=UNKNOWN(74) source=1 target=1 seq=0 state=NORMAL(0) retry=0 extra=257
COOP_AVOID TRIGGER self=1 cmd=POSE_REQUEST(-40) source=1 target=0 seq=2 state=WAIT_PEER_POSE(1) retry=0 extra=1
COOP_AVOID TX self=1 cmd=POSE_REQUEST(-40) source=1 target=0 seq=2 state=WAIT_PEER_POSE(1) retry=0 extra=1
gmapvalue = 0
ix = 893, iy = 920, GMapWidth = 1800, GMapHeight = 1800
target dynamic blocked in lasermap3
fullpath_error=TARGET_DYNAMIC_BLOCKED_LASER(1004)
Target point temporarily blocked by dynamic map, hold and retry.
COOP_AVOID RETRY self=1 cmd=POSE_REQUEST(-40) source=1 target=0 seq=2 state=WAIT_PEER_POSE(1) retry=1 extra=0
COOP_AVOID TX self=1 cmd=POSE_REQUEST(-40) source=1 target=0 seq=2 state=WAIT_PEER_POSE(1) retry=1 extra=1
COOP_AVOID RX self=1 cmd=ACK(-34) source=0 target=1 seq=2 state=WAIT_PEER_POSE(1) retry=0 extra=0
COOP_AVOID ACK_MATCH self=1 cmd=POSE_REQUEST(-40) source=0 target=1 seq=2 state=WAIT_PEER_POSE(1) retry=1 extra=0
COOP_AVOID RX self=1 cmd=POSE_RESPONSE(-39) source=0 target=1 seq=2 state=WAIT_PEER_POSE(1) retry=0 extra=0
COOP_AVOID TX self=1 cmd=ACK(-34) source=1 target=0 seq=2 state=WAIT_PEER_POSE(1) retry=0 extra=-39
COOP_AVOID STATUS self=1 cmd=UNKNOWN(74) source=1 target=1 seq=0 state=NORMAL(0) retry=0 extra=0
gmapvalue = 0
ix = 893, iy = 920, GMapWidth = 1800, GMapHeight = 1800
target dynamic blocked in lasermap3
fullpath_error=TARGET_DYNAMIC_BLOCKED_LASER(1004)
Target point temporarily blocked by dynamic map, hold and retry.
COOP_AVOID STATUS self=1 cmd=UNKNOWN(74) source=1 target=1 seq=0 state=NORMAL(0) retry=0 extra=257
COOP_AVOID TRIGGER self=1 cmd=POSE_REQUEST(-40) source=1 target=0 seq=3 state=WAIT_PEER_POSE(1) retry=0 extra=1
COOP_AVOID TX self=1 cmd=POSE_REQUEST(-40) source=1 target=0 seq=3 state=WAIT_PEER_POSE(1) retry=0 extra=1
COOP_AVOID RX self=1 cmd=ACK(-34) source=0 target=1 seq=3 state=WAIT_PEER_POSE(1) retry=0 extra=0
COOP_AVOID ACK_MATCH self=1 cmd=POSE_REQUEST(-40) source=0 target=1 seq=3 state=WAIT_PEER_POSE(1) retry=0 extra=0
COOP_AVOID RX self=1 cmd=POSE_RESPONSE(-39) source=0 target=1 seq=3 state=WAIT_PEER_POSE(1) retry=0 extra=0
COOP_AVOID TX self=1 cmd=ACK(-34) source=1 target=0 seq=3 state=WAIT_PEER_POSE(1) retry=0 extra=-39
COOP_AVOID STATUS self=1 cmd=UNKNOWN(74) source=1 target=1 seq=0 state=NORMAL(0) retry=0 extra=0
gmapvalue = 0
ix = 893, iy = 920, GMapWidth = 1800, GMapHeight = 1800
target dynamic blocked in lasermap3
fullpath_error=TARGET_DYNAMIC_BLOCKED_LASER(1004)
Target point temporarily blocked by dynamic map, hold and retry.
COOP_AVOID STATUS self=1 cmd=UNKNOWN(74) source=1 target=1 seq=0 state=NORMAL(0) retry=0 extra=257
COOP_AVOID TRIGGER self=1 cmd=POSE_REQUEST(-40) source=1 target=0 seq=4 state=WAIT_PEER_POSE(1) retry=0 extra=1
COOP_AVOID TX self=1 cmd=POSE_REQUEST(-40) source=1 target=0 seq=4 state=WAIT_PEER_POSE(1) retry=0 extra=1
COOP_AVOID RX self=1 cmd=ACK(-34) source=0 target=1 seq=4 state=WAIT_PEER_POSE(1) retry=0 extra=0
COOP_AVOID ACK_MATCH self=1 cmd=POSE_REQUEST(-40) source=0 target=1 seq=4 state=WAIT_PEER_POSE(1) retry=0 extra=0
COOP_AVOID RX self=1 cmd=POSE_RESPONSE(-39) source=0 target=1 seq=4 state=WAIT_PEER_POSE(1) retry=0 extra=0
COOP_AVOID TX self=1 cmd=ACK(-34) source=1 target=0 seq=4 state=WAIT_PEER_POSE(1) retry=0 extra=-39
COOP_AVOID STATUS self=1 cmd=UNKNOWN(74) source=1 target=1 seq=0 state=NORMAL(0) retry=0 extra=0
gmapvalue = 0
ix = 893, iy = 920, GMapWidth = 1800, GMapHeight = 1800
target dynamic blocked in lasermap3
fullpath_error=TARGET_DYNAMIC_BLOCKED_LASER(1004)
Target point temporarily blocked by dynamic map, hold and retry.
COOP_AVOID STATUS self=1 cmd=UNKNOWN(74) source=1 target=1 seq=0 state=NORMAL(0) retry=0 extra=257
COOP_AVOID TRIGGER self=1 cmd=POSE_REQUEST(-40) source=1 target=0 seq=5 state=WAIT_PEER_POSE(1) retry=0 extra=1
COOP_AVOID RETRY self=1 cmd=POSE_REQUEST(-40) source=1 target=0 seq=5 state=WAIT_PEER_POSE(1) retry=1 extra=0
COOP_AVOID TX self=1 cmd=POSE_REQUEST(-40) source=1 target=0 seq=5 state=WAIT_PEER_POSE(1) retry=1 extra=1
COOP_AVOID TX self=1 cmd=POSE_REQUEST(-40) source=1 target=0 seq=5 state=WAIT_PEER_POSE(1) retry=1 extra=1
COOP_AVOID RX self=1 cmd=ACK(-34) source=0 target=1 seq=5 state=WAIT_PEER_POSE(1) retry=0 extra=0
COOP_AVOID ACK_MATCH self=1 cmd=POSE_REQUEST(-40) source=0 target=1 seq=5 state=WAIT_PEER_POSE(1) retry=1 extra=0
COOP_AVOID RX self=1 cmd=POSE_RESPONSE(-39) source=0 target=1 seq=5 state=WAIT_PEER_POSE(1) retry=0 extra=0
COOP_AVOID TX self=1 cmd=ACK(-34) source=1 target=0 seq=5 state=WAIT_PEER_POSE(1) retry=0 extra=-39
COOP_AVOID STATUS self=1 cmd=UNKNOWN(74) source=1 target=1 seq=0 state=NORMAL(0) retry=0 extra=0
COOP_AVOID RX self=1 cmd=ACK(-34) source=0 target=1 seq=5 state=NORMAL(0) retry=0 extra=0
COOP_AVOID ACK_STALE self=1 cmd=POSE_REQUEST(-40) source=0 target=1 seq=5 state=NORMAL(0) retry=0 extra=0
COOP_AVOID RX self=1 cmd=POSE_RESPONSE(-39) source=0 target=1 seq=5 state=NORMAL(0) retry=0 extra=0
COOP_AVOID TX self=1 cmd=ACK(-34) source=1 target=0 seq=5 state=NORMAL(0) retry=0 extra=-39
gmapvalue = 0
ix = 893, iy = 920, GMapWidth = 1800, GMapHeight = 1800
target dynamic blocked in lasermap3
fullpath_error=TARGET_DYNAMIC_BLOCKED_LASER(1004)
Target point temporarily blocked by dynamic map, hold and retry.
COOP_AVOID STATUS self=1 cmd=UNKNOWN(74) source=1 target=1 seq=0 state=NORMAL(0) retry=0 extra=257
COOP_AVOID TRIGGER self=1 cmd=POSE_REQUEST(-40) source=1 target=0 seq=6 state=WAIT_PEER_POSE(1) retry=0 extra=1
COOP_AVOID RETRY self=1 cmd=POSE_REQUEST(-40) source=1 target=0 seq=6 state=WAIT_PEER_POSE(1) retry=1 extra=0
COOP_AVOID TX self=1 cmd=POSE_REQUEST(-40) source=1 target=0 seq=6 state=WAIT_PEER_POSE(1) retry=1 extra=1
COOP_AVOID TX self=1 cmd=POSE_REQUEST(-40) source=1 target=0 seq=6 state=WAIT_PEER_POSE(1) retry=1 extra=1
gmapvalue = 0
ix = 893, iy = 920, GMapWidth = 1800, GMapHeight = 1800
target dynamic blocked in lasermap3
fullpath_error=TARGET_DYNAMIC_BLOCKED_LASER(1004)
Target point temporarily blocked by dynamic map, hold and retry.
COOP_AVOID RETRY self=1 cmd=POSE_REQUEST(-40) source=1 target=0 seq=6 state=WAIT_PEER_POSE(1) retry=2 extra=0
COOP_AVOID TX self=1 cmd=POSE_REQUEST(-40) source=1 target=0 seq=6 state=WAIT_PEER_POSE(1) retry=2 extra=1
COOP_AVOID RX self=1 cmd=ACK(-34) source=0 target=1 seq=6 state=WAIT_PEER_POSE(1) retry=0 extra=0
COOP_AVOID ACK_MATCH self=1 cmd=POSE_REQUEST(-40) source=0 target=1 seq=6 state=WAIT_PEER_POSE(1) retry=2 extra=0
COOP_AVOID RX self=1 cmd=POSE_RESPONSE(-39) source=0 target=1 seq=6 state=WAIT_PEER_POSE(1) retry=0 extra=0
COOP_AVOID TX self=1 cmd=ACK(-34) source=1 target=0 seq=6 state=WAIT_PEER_POSE(1) retry=0 extra=-39
COOP_AVOID STATUS self=1 cmd=UNKNOWN(74) source=1 target=1 seq=0 state=NORMAL(0) retry=0 extra=0
gmapvalue = 0
ix = 893, iy = 920, GMapWidth = 1800, GMapHeight = 1800
target dynamic blocked in lasermap3
fullpath_error=TARGET_DYNAMIC_BLOCKED_LASER(1004)
Target point temporarily blocked by dynamic map, hold and retry.
COOP_AVOID STATUS self=1 cmd=UNKNOWN(74) source=1 target=1 seq=0 state=NORMAL(0) retry=0 extra=257
COOP_AVOID TRIGGER self=1 cmd=POSE_REQUEST(-40) source=1 target=0 seq=7 state=WAIT_PEER_POSE(1) retry=0 extra=1
COOP_AVOID TX self=1 cmd=POSE_REQUEST(-40) source=1 target=0 seq=7 state=WAIT_PEER_POSE(1) retry=0 extra=1
COOP_AVOID RX self=1 cmd=ACK(-34) source=0 target=1 seq=7 state=WAIT_PEER_POSE(1) retry=0 extra=0
COOP_AVOID ACK_MATCH self=1 cmd=POSE_REQUEST(-40) source=0 target=1 seq=7 state=WAIT_PEER_POSE(1) retry=0 extra=0
COOP_AVOID RX self=1 cmd=POSE_RESPONSE(-39) source=0 target=1 seq=7 state=WAIT_PEER_POSE(1) retry=0 extra=0
COOP_AVOID TX self=1 cmd=ACK(-34) source=1 target=0 seq=7 state=WAIT_PEER_POSE(1) retry=0 extra=-39
COOP_AVOID STATUS self=1 cmd=UNKNOWN(74) source=1 target=1 seq=0 state=NORMAL(0) retry=0 extra=0
gmapvalue = 0
ix = 893, iy = 920, GMapWidth = 1800, GMapHeight = 1800
target dynamic blocked in lasermap3
fullpath_error=TARGET_DYNAMIC_BLOCKED_LASER(1004)
Target point temporarily blocked by dynamic map, hold and retry.
COOP_AVOID STATUS self=1 cmd=UNKNOWN(74) source=1 target=1 seq=0 state=NORMAL(0) retry=0 extra=257
COOP_AVOID TRIGGER self=1 cmd=POSE_REQUEST(-40) source=1 target=0 seq=8 state=WAIT_PEER_POSE(1) retry=0 extra=1
COOP_AVOID TX self=1 cmd=POSE_REQUEST(-40) source=1 target=0 seq=8 state=WAIT_PEER_POSE(1) retry=0 extra=1
COOP_AVOID RX self=1 cmd=ACK(-34) source=0 target=1 seq=8 state=WAIT_PEER_POSE(1) retry=0 extra=0
COOP_AVOID ACK_MATCH self=1 cmd=POSE_REQUEST(-40) source=0 target=1 seq=8 state=WAIT_PEER_POSE(1) retry=0 extra=0
COOP_AVOID RX self=1 cmd=POSE_RESPONSE(-39) source=0 target=1 seq=8 state=WAIT_PEER_POSE(1) retry=0 extra=0
COOP_AVOID TX self=1 cmd=ACK(-34) source=1 target=0 seq=8 state=WAIT_PEER_POSE(1) retry=0 extra=-39
COOP_AVOID STATUS self=1 cmd=UNKNOWN(74) source=1 target=1 seq=0 state=NORMAL(0) retry=0 extra=0
gmapvalue = 0
ix = 893, iy = 920, GMapWidth = 1800, GMapHeight = 1800
target dynamic blocked in lasermap3
fullpath_error=TARGET_DYNAMIC_BLOCKED_LASER(1004)
Target point temporarily blocked by dynamic map, hold and retry.
COOP_AVOID STATUS self=1 cmd=UNKNOWN(74) source=1 target=1 seq=0 state=NORMAL(0) retry=0 extra=257
COOP_AVOID TRIGGER self=1 cmd=POSE_REQUEST(-40) source=1 target=0 seq=9 state=WAIT_PEER_POSE(1) retry=0 extra=1
COOP_AVOID TX self=1 cmd=POSE_REQUEST(-40) source=1 target=0 seq=9 state=WAIT_PEER_POSE(1) retry=0 extra=1
COOP_AVOID RX self=1 cmd=ACK(-34) source=0 target=1 seq=9 state=WAIT_PEER_POSE(1) retry=0 extra=0
COOP_AVOID ACK_MATCH self=1 cmd=POSE_REQUEST(-40) source=0 target=1 seq=9 state=WAIT_PEER_POSE(1) retry=0 extra=0
COOP_AVOID RX self=1 cmd=POSE_RESPONSE(-39) source=0 target=1 seq=9 state=WAIT_PEER_POSE(1) retry=0 extra=0
COOP_AVOID TX self=1 cmd=ACK(-34) source=1 target=0 seq=9 state=WAIT_PEER_POSE(1) retry=0 extra=-39
COOP_AVOID STATUS self=1 cmd=UNKNOWN(74) source=1 target=1 seq=0 state=NORMAL(0) retry=0 extra=0
gmapvalue = 0
ix = 893, iy = 920, GMapWidth = 1800, GMapHeight = 1800
target dynamic blocked in lasermap3
fullpath_error=TARGET_DYNAMIC_BLOCKED_LASER(1004)
Target point temporarily blocked by dynamic map, hold and retry.
COOP_AVOID STATUS self=1 cmd=UNKNOWN(74) source=1 target=1 seq=0 state=NORMAL(0) retry=0 extra=257
COOP_AVOID TRIGGER self=1 cmd=POSE_REQUEST(-40) source=1 target=0 seq=10 state=WAIT_PEER_POSE(1) retry=0 extra=1
COOP_AVOID TX self=1 cmd=POSE_REQUEST(-40) source=1 target=0 seq=10 state=WAIT_PEER_POSE(1) retry=0 extra=1
COOP_AVOID RX self=1 cmd=ACK(-34) source=0 target=1 seq=10 state=WAIT_PEER_POSE(1) retry=0 extra=0
COOP_AVOID ACK_MATCH self=1 cmd=POSE_REQUEST(-40) source=0 target=1 seq=10 state=WAIT_PEER_POSE(1) retry=0 extra=0
COOP_AVOID RX self=1 cmd=POSE_RESPONSE(-39) source=0 target=1 seq=10 state=WAIT_PEER_POSE(1) retry=0 extra=0
COOP_AVOID TX self=1 cmd=ACK(-34) source=1 target=0 seq=10 state=WAIT_PEER_POSE(1) retry=0 extra=-39
COOP_AVOID STATUS self=1 cmd=UNKNOWN(74) source=1 target=1 seq=0 state=NORMAL(0) retry=0 extra=0
gmapvalue = 0
ix = 893, iy = 920, GMapWidth = 1800, GMapHeight = 1800
target dynamic blocked in lasermap3
fullpath_error=TARGET_DYNAMIC_BLOCKED_LASER(1004)
Target point temporarily blocked by dynamic map, hold and retry.
COOP_AVOID STATUS self=1 cmd=UNKNOWN(74) source=1 target=1 seq=0 state=NORMAL(0) retry=0 extra=257
COOP_AVOID TRIGGER self=1 cmd=POSE_REQUEST(-40) source=1 target=0 seq=11 state=WAIT_PEER_POSE(1) retry=0 extra=1
COOP_AVOID TX self=1 cmd=POSE_REQUEST(-40) source=1 target=0 seq=11 state=WAIT_PEER_POSE(1) retry=0 extra=1
COOP_AVOID RX self=1 cmd=ACK(-34) source=0 target=1 seq=11 state=WAIT_PEER_POSE(1) retry=0 extra=0
COOP_AVOID ACK_MATCH self=1 cmd=POSE_REQUEST(-40) source=0 target=1 seq=11 state=WAIT_PEER_POSE(1) retry=0 extra=0
COOP_AVOID RX self=1 cmd=POSE_RESPONSE(-39) source=0 target=1 seq=11 state=WAIT_PEER_POSE(1) retry=0 extra=0
COOP_AVOID TX self=1 cmd=ACK(-34) source=1 target=0 seq=11 state=WAIT_PEER_POSE(1) retry=0 extra=-39
COOP_AVOID STATUS self=1 cmd=UNKNOWN(74) source=1 target=1 seq=0 state=NORMAL(0) retry=0 extra=0
gmapvalue = 0
ix = 893, iy = 920, GMapWidth = 1800, GMapHeight = 1800
target dynamic blocked in lasermap3
fullpath_error=TARGET_DYNAMIC_BLOCKED_LASER(1004)
Target point temporarily blocked by dynamic map, hold and retry.
COOP_AVOID STATUS self=1 cmd=UNKNOWN(74) source=1 target=1 seq=0 state=NORMAL(0) retry=0 extra=257
COOP_AVOID TRIGGER self=1 cmd=POSE_REQUEST(-40) source=1 target=0 seq=12 state=WAIT_PEER_POSE(1) retry=0 extra=1
COOP_AVOID TX self=1 cmd=POSE_REQUEST(-40) source=1 target=0 seq=12 state=WAIT_PEER_POSE(1) retry=0 extra=1
COOP_AVOID RX self=1 cmd=ACK(-34) source=0 target=1 seq=12 state=WAIT_PEER_POSE(1) retry=0 extra=0
COOP_AVOID ACK_MATCH self=1 cmd=POSE_REQUEST(-40) source=0 target=1 seq=12 state=WAIT_PEER_POSE(1) retry=0 extra=0
COOP_AVOID RX self=1 cmd=POSE_RESPONSE(-39) source=0 target=1 seq=12 state=WAIT_PEER_POSE(1) retry=0 extra=0
COOP_AVOID TX self=1 cmd=ACK(-34) source=1 target=0 seq=12 state=WAIT_PEER_POSE(1) retry=0 extra=-39
COOP_AVOID STATUS self=1 cmd=UNKNOWN(74) source=1 target=1 seq=0 state=NORMAL(0) retry=0 extra=0
gmapvalue = 0
ix = 893, iy = 920, GMapWidth = 1800, GMapHeight = 1800
target dynamic blocked in lasermap3
fullpath_error=TARGET_DYNAMIC_BLOCKED_LASER(1004)
Target point temporarily blocked by dynamic map, hold and retry.
COOP_AVOID RETRY self=1 cmd=POSE_REQUEST(-40) source=1 target=0 seq=13 state=WAIT_PEER_POSE(1) retry=1 extra=0
COOP_AVOID STATUS self=1 cmd=UNKNOWN(74) source=1 target=1 seq=0 state=NORMAL(0) retry=0 extra=257
COOP_AVOID TRIGGER self=1 cmd=POSE_REQUEST(-40) source=1 target=0 seq=13 state=WAIT_PEER_POSE(1) retry=0 extra=1
COOP_AVOID TX self=1 cmd=POSE_REQUEST(-40) source=1 target=0 seq=13 state=WAIT_PEER_POSE(1) retry=1 extra=1
COOP_AVOID TX self=1 cmd=POSE_REQUEST(-40) source=1 target=0 seq=13 state=WAIT_PEER_POSE(1) retry=1 extra=1
gmapvalue = 0
ix = 893, iy = 920, GMapWidth = 1800, GMapHeight = 1800
target dynamic blocked in lasermap3
fullpath_error=TARGET_DYNAMIC_BLOCKED_LASER(1004)
Target point temporarily blocked by dynamic map, hold and retry.
COOP_AVOID RETRY self=1 cmd=POSE_REQUEST(-40) source=1 target=0 seq=13 state=WAIT_PEER_POSE(1) retry=2 extra=0
COOP_AVOID TX self=1 cmd=POSE_REQUEST(-40) source=1 target=0 seq=13 state=WAIT_PEER_POSE(1) retry=2 extra=1
gmapvalue = 0
ix = 893, iy = 920, GMapWidth = 1800, GMapHeight = 1800
target dynamic blocked in lasermap3
fullpath_error=TARGET_DYNAMIC_BLOCKED_LASER(1004)
Target point temporarily blocked by dynamic map, hold and retry.
COOP_AVOID RX self=1 cmd=ACK(-34) source=0 target=1 seq=13 state=WAIT_PEER_POSE(1) retry=0 extra=0
COOP_AVOID ACK_MATCH self=1 cmd=POSE_REQUEST(-40) source=0 target=1 seq=13 state=WAIT_PEER_POSE(1) retry=2 extra=0
COOP_AVOID RX self=1 cmd=ACK(-34) source=0 target=1 seq=13 state=WAIT_PEER_POSE(1) retry=0 extra=0
COOP_AVOID ACK_MATCH self=1 cmd=POSE_REQUEST(-40) source=0 target=1 seq=13 state=WAIT_PEER_POSE(1) retry=2 extra=0
COOP_AVOID RX self=1 cmd=POSE_RESPONSE(-39) source=0 target=1 seq=13 state=WAIT_PEER_POSE(1) retry=0 extra=0
COOP_AVOID TX self=1 cmd=ACK(-34) source=1 target=0 seq=13 state=WAIT_PEER_POSE(1) retry=0 extra=-39
COOP_AVOID STATUS self=1 cmd=UNKNOWN(74) source=1 target=1 seq=0 state=NORMAL(0) retry=0 extra=0
gmapvalue = 0
ix = 893, iy = 920, GMapWidth = 1800, GMapHeight = 1800
target dynamic blocked in lasermap3
fullpath_error=TARGET_DYNAMIC_BLOCKED_LASER(1004)
Target point temporarily blocked by dynamic map, hold and retry.
COOP_AVOID STATUS self=1 cmd=UNKNOWN(74) source=1 target=1 seq=0 state=NORMAL(0) retry=0 extra=257
COOP_AVOID TRIGGER self=1 cmd=POSE_REQUEST(-40) source=1 target=0 seq=14 state=WAIT_PEER_POSE(1) retry=0 extra=1
COOP_AVOID TX self=1 cmd=POSE_REQUEST(-40) source=1 target=0 seq=14 state=WAIT_PEER_POSE(1) retry=0 extra=1
COOP_AVOID RX self=1 cmd=ACK(-34) source=0 target=1 seq=14 state=WAIT_PEER_POSE(1) retry=0 extra=0
COOP_AVOID ACK_MATCH self=1 cmd=POSE_REQUEST(-40) source=0 target=1 seq=14 state=WAIT_PEER_POSE(1) retry=0 extra=0
COOP_AVOID RX self=1 cmd=POSE_RESPONSE(-39) source=0 target=1 seq=14 state=WAIT_PEER_POSE(1) retry=0 extra=0
COOP_AVOID TX self=1 cmd=ACK(-34) source=1 target=0 seq=14 state=WAIT_PEER_POSE(1) retry=0 extra=-39
COOP_AVOID STATUS self=1 cmd=UNKNOWN(74) source=1 target=1 seq=0 state=NORMAL(0) retry=0 extra=0
gmapvalue = 0
ix = 893, iy = 920, GMapWidth = 1800, GMapHeight = 1800
target dynamic blocked in lasermap3
fullpath_error=TARGET_DYNAMIC_BLOCKED_LASER(1004)
Target point temporarily blocked by dynamic map, hold and retry.
COOP_AVOID STATUS self=1 cmd=UNKNOWN(74) source=1 target=1 seq=0 state=NORMAL(0) retry=0 extra=257
COOP_AVOID TRIGGER self=1 cmd=POSE_REQUEST(-40) source=1 target=0 seq=15 state=WAIT_PEER_POSE(1) retry=0 extra=1
COOP_AVOID TX self=1 cmd=POSE_REQUEST(-40) source=1 target=0 seq=15 state=WAIT_PEER_POSE(1) retry=0 extra=1
gmapvalue = 0
ix = 893, iy = 920, GMapWidth = 1800, GMapHeight = 1800
target dynamic blocked in lasermap3
fullpath_error=TARGET_DYNAMIC_BLOCKED_LASER(1004)
Target point temporarily blocked by dynamic map, hold and retry.
COOP_AVOID RETRY self=1 cmd=POSE_REQUEST(-40) source=1 target=0 seq=15 state=WAIT_PEER_POSE(1) retry=1 extra=0
COOP_AVOID TX self=1 cmd=POSE_REQUEST(-40) source=1 target=0 seq=15 state=WAIT_PEER_POSE(1) retry=1 extra=1
gmapvalue = 0
ix = 893, iy = 920, GMapWidth = 1800, GMapHeight = 1800
target dynamic blocked in lasermap3
fullpath_error=TARGET_DYNAMIC_BLOCKED_LASER(1004)
Target point temporarily blocked by dynamic map, hold and retry.
COOP_AVOID RX self=1 cmd=ACK(-34) source=0 target=1 seq=15 state=WAIT_PEER_POSE(1) retry=0 extra=0
COOP_AVOID ACK_MATCH self=1 cmd=POSE_REQUEST(-40) source=0 target=1 seq=15 state=WAIT_PEER_POSE(1) retry=1 extra=0
COOP_AVOID RX self=1 cmd=POSE_RESPONSE(-39) source=0 target=1 seq=15 state=WAIT_PEER_POSE(1) retry=0 extra=0
COOP_AVOID TX self=1 cmd=ACK(-34) source=1 target=0 seq=15 state=WAIT_PEER_POSE(1) retry=0 extra=-39
COOP_AVOID STATUS self=1 cmd=UNKNOWN(74) source=1 target=1 seq=0 state=NORMAL(0) retry=0 extra=0
gmapvalue = 0
ix = 893, iy = 920, GMapWidth = 1800, GMapHeight = 1800
target dynamic blocked in lasermap3
fullpath_error=TARGET_DYNAMIC_BLOCKED_LASER(1004)
Target point temporarily blocked by dynamic map, hold and retry.
COOP_AVOID STATUS self=1 cmd=UNKNOWN(74) source=1 target=1 seq=0 state=NORMAL(0) retry=0 extra=257
COOP_AVOID TRIGGER self=1 cmd=POSE_REQUEST(-40) source=1 target=0 seq=16 state=WAIT_PEER_POSE(1) retry=0 extra=1
COOP_AVOID TX self=1 cmd=POSE_REQUEST(-40) source=1 target=0 seq=16 state=WAIT_PEER_POSE(1) retry=0 extra=1
COOP_AVOID RX self=1 cmd=POSE_RESPONSE(-39) source=0 target=1 seq=16 state=WAIT_PEER_POSE(1) retry=0 extra=0
COOP_AVOID TX self=1 cmd=ACK(-34) source=1 target=0 seq=16 state=WAIT_PEER_POSE(1) retry=0 extra=-39
COOP_AVOID STATUS self=1 cmd=UNKNOWN(74) source=1 target=1 seq=0 state=NORMAL(0) retry=0 extra=0
gmapvalue = 0
ix = 893, iy = 920, GMapWidth = 1800, GMapHeight = 1800
target dynamic blocked in lasermap3
fullpath_error=TARGET_DYNAMIC_BLOCKED_LASER(1004)
Target point temporarily blocked by dynamic map, hold and retry.
COOP_AVOID STATUS self=1 cmd=UNKNOWN(74) source=1 target=1 seq=0 state=NORMAL(0) retry=0 extra=257
COOP_AVOID TRIGGER self=1 cmd=POSE_REQUEST(-40) source=1 target=0 seq=17 state=WAIT_PEER_POSE(1) retry=0 extra=1
COOP_AVOID TX self=1 cmd=POSE_REQUEST(-40) source=1 target=0 seq=17 state=WAIT_PEER_POSE(1) retry=0 extra=1
COOP_AVOID RX self=1 cmd=ACK(-34) source=0 target=1 seq=17 state=WAIT_PEER_POSE(1) retry=0 extra=0
COOP_AVOID ACK_MATCH self=1 cmd=POSE_REQUEST(-40) source=0 target=1 seq=17 state=WAIT_PEER_POSE(1) retry=0 extra=0
COOP_AVOID RX self=1 cmd=POSE_RESPONSE(-39) source=0 target=1 seq=17 state=WAIT_PEER_POSE(1) retry=0 extra=0
COOP_AVOID TX self=1 cmd=ACK(-34) source=1 target=0 seq=17 state=WAIT_PEER_POSE(1) retry=0 extra=-39
COOP_AVOID STATUS self=1 cmd=UNKNOWN(74) source=1 target=1 seq=0 state=NORMAL(0) retry=0 extra=0
gmapvalue = 0
ix = 893, iy = 920, GMapWidth = 1800, GMapHeight = 1800
target dynamic blocked in lasermap3
fullpath_error=TARGET_DYNAMIC_BLOCKED_LASER(1004)
Target point temporarily blocked by dynamic map, hold and retry.
COOP_AVOID STATUS self=1 cmd=UNKNOWN(74) source=1 target=1 seq=0 state=NORMAL(0) retry=0 extra=257
COOP_AVOID TRIGGER self=1 cmd=POSE_REQUEST(-40) source=1 target=0 seq=18 state=WAIT_PEER_POSE(1) retry=0 extra=1
COOP_AVOID TX self=1 cmd=POSE_REQUEST(-40) source=1 target=0 seq=18 state=WAIT_PEER_POSE(1) retry=0 extra=1
COOP_AVOID RX self=1 cmd=ACK(-34) source=0 target=1 seq=18 state=WAIT_PEER_POSE(1) retry=0 extra=0
COOP_AVOID ACK_MATCH self=1 cmd=POSE_REQUEST(-40) source=0 target=1 seq=18 state=WAIT_PEER_POSE(1) retry=0 extra=0
COOP_AVOID RX self=1 cmd=POSE_RESPONSE(-39) source=0 target=1 seq=18 state=WAIT_PEER_POSE(1) retry=0 extra=0
COOP_AVOID TX self=1 cmd=ACK(-34) source=1 target=0 seq=18 state=WAIT_PEER_POSE(1) retry=0 extra=-39
COOP_AVOID STATUS self=1 cmd=UNKNOWN(74) source=1 target=1 seq=0 state=NORMAL(0) retry=0 extra=0
gmapvalue = 0
ix = 893, iy = 920, GMapWidth = 1800, GMapHeight = 1800
target dynamic blocked in lasermap3
fullpath_error=TARGET_DYNAMIC_BLOCKED_LASER(1004)
Target point temporarily blocked by dynamic map, hold and retry.
COOP_AVOID STATUS self=1 cmd=UNKNOWN(74) source=1 target=1 seq=0 state=NORMAL(0) retry=0 extra=257
COOP_AVOID TRIGGER self=1 cmd=POSE_REQUEST(-40) source=1 target=0 seq=19 state=WAIT_PEER_POSE(1) retry=0 extra=1
COOP_AVOID TX self=1 cmd=POSE_REQUEST(-40) source=1 target=0 seq=19 state=WAIT_PEER_POSE(1) retry=0 extra=1
COOP_AVOID RX self=1 cmd=ACK(-34) source=0 target=1 seq=19 state=WAIT_PEER_POSE(1) retry=0 extra=0
COOP_AVOID ACK_MATCH self=1 cmd=POSE_REQUEST(-40) source=0 target=1 seq=19 state=WAIT_PEER_POSE(1) retry=0 extra=0
COOP_AVOID RX self=1 cmd=POSE_RESPONSE(-39) source=0 target=1 seq=19 state=WAIT_PEER_POSE(1) retry=0 extra=0
COOP_AVOID TX self=1 cmd=ACK(-34) source=1 target=0 seq=19 state=WAIT_PEER_POSE(1) retry=0 extra=-39
COOP_AVOID STATUS self=1 cmd=UNKNOWN(74) source=1 target=1 seq=0 state=NORMAL(0) retry=0 extra=0
gmapvalue = 0
ix = 893, iy = 920, GMapWidth = 1800, GMapHeight = 1800
target dynamic blocked in lasermap3
fullpath_error=TARGET_DYNAMIC_BLOCKED_LASER(1004)
Target point temporarily blocked by dynamic map, hold and retry.
COOP_AVOID STATUS self=1 cmd=UNKNOWN(74) source=1 target=1 seq=0 state=NORMAL(0) retry=0 extra=257
COOP_AVOID TRIGGER self=1 cmd=POSE_REQUEST(-40) source=1 target=0 seq=20 state=WAIT_PEER_POSE(1) retry=0 extra=1
COOP_AVOID TX self=1 cmd=POSE_REQUEST(-40) source=1 target=0 seq=20 state=WAIT_PEER_POSE(1) retry=0 extra=1
gmapvalue = 0
ix = 893, iy = 920, GMapWidth = 1800, GMapHeight = 1800
COOP_AVOID RETRY self=1 cmd=POSE_REQUEST(-40) source=1 target=0 seq=20 state=WAIT_PEER_POSE(1) retry=1 extra=0
COOP_AVOID TX self=1 cmd=POSE_REQUEST(-40) source=1 target=0 seq=20 state=WAIT_PEER_POSE(1) retry=1 extra=1
COOP_AVOID RX self=1 cmd=ACK(-34) source=0 target=1 seq=20 state=WAIT_PEER_POSE(1) retry=0 extra=0
COOP_AVOID ACK_MATCH self=1 cmd=POSE_REQUEST(-40) source=0 target=1 seq=20 state=WAIT_PEER_POSE(1) retry=1 extra=0
COOP_AVOID RX self=1 cmd=POSE_RESPONSE(-39) source=0 target=1 seq=20 state=WAIT_PEER_POSE(1) retry=0 extra=0
COOP_AVOID TX self=1 cmd=ACK(-34) source=1 target=0 seq=20 state=WAIT_PEER_POSE(1) retry=0 extra=-39
COOP_AVOID STATUS self=1 cmd=UNKNOWN(74) source=1 target=1 seq=0 state=NORMAL(0) retry=0 extra=0
ready for plan
gmapvalue = 0
ix = 893, iy = 920, GMapWidth = 1800, GMapHeight = 1800
begin plan !
Begin DStarSearch!
astar planning succeed !
ready for dwa
cant arv1path changed
gmapvalue = 0
ix = 893, iy = 920, GMapWidth = 1800, GMapHeight = 1800
target dynamic blocked in lasermap3
fullpath_error=TARGET_DYNAMIC_BLOCKED_LASER(1004)
Target point temporarily blocked by dynamic map, hold and retry.
COOP_AVOID STATUS self=1 cmd=UNKNOWN(74) source=1 target=1 seq=0 state=NORMAL(0) retry=0 extra=257
COOP_AVOID TRIGGER self=1 cmd=POSE_REQUEST(-40) source=1 target=0 seq=21 state=WAIT_PEER_POSE(1) retry=0 extra=1
COOP_AVOID RETRY self=1 cmd=POSE_REQUEST(-40) source=1 target=0 seq=21 state=WAIT_PEER_POSE(1) retry=1 extra=0
COOP_AVOID TX self=1 cmd=POSE_REQUEST(-40) source=1 target=0 seq=21 state=WAIT_PEER_POSE(1) retry=1 extra=1
COOP_AVOID TX self=1 cmd=POSE_REQUEST(-40) source=1 target=0 seq=21 state=WAIT_PEER_POSE(1) retry=1 extra=1
COOP_AVOID RX self=1 cmd=ACK(-34) source=0 target=1 seq=21 state=WAIT_PEER_POSE(1) retry=0 extra=0
COOP_AVOID ACK_MATCH self=1 cmd=POSE_REQUEST(-40) source=0 target=1 seq=21 state=WAIT_PEER_POSE(1) retry=1 extra=0
COOP_AVOID RX self=1 cmd=POSE_RESPONSE(-39) source=0 target=1 seq=21 state=WAIT_PEER_POSE(1) retry=0 extra=0
COOP_AVOID TX self=1 cmd=ACK(-34) source=1 target=0 seq=21 state=WAIT_PEER_POSE(1) retry=0 extra=-39
COOP_AVOID STATUS self=1 cmd=UNKNOWN(74) source=1 target=1 seq=0 state=NORMAL(0) retry=0 extra=0
COOP_AVOID RX self=1 cmd=ACK(-34) source=0 target=1 seq=21 state=NORMAL(0) retry=0 extra=0
COOP_AVOID ACK_STALE self=1 cmd=POSE_REQUEST(-40) source=0 target=1 seq=21 state=NORMAL(0) retry=0 extra=0
COOP_AVOID RX self=1 cmd=POSE_RESPONSE(-39) source=0 target=1 seq=21 state=NORMAL(0) retry=0 extra=0
COOP_AVOID TX self=1 cmd=ACK(-34) source=1 target=0 seq=21 state=NORMAL(0) retry=0 extra=-39
gmapvalue = 0
ix = 893, iy = 920, GMapWidth = 1800, GMapHeight = 1800
target dynamic blocked in lasermap3
fullpath_error=TARGET_DYNAMIC_BLOCKED_LASER(1004)
Target point temporarily blocked by dynamic map, hold and retry.
COOP_AVOID STATUS self=1 cmd=UNKNOWN(74) source=1 target=1 seq=0 state=NORMAL(0) retry=0 extra=257
COOP_AVOID TRIGGER self=1 cmd=POSE_REQUEST(-40) source=1 target=0 seq=22 state=WAIT_PEER_POSE(1) retry=0 extra=1
COOP_AVOID TX self=1 cmd=POSE_REQUEST(-40) source=1 target=0 seq=22 state=WAIT_PEER_POSE(1) retry=0 extra=1
gmapvalue = 0
ix = 893, iy = 920, GMapWidth = 1800, GMapHeight = 1800
target dynamic blocked in lasermap3
fullpath_error=TARGET_DYNAMIC_BLOCKED_LASER(1004)
Target point temporarily blocked by dynamic map, hold and retry.
COOP_AVOID RETRY self=1 cmd=POSE_REQUEST(-40) source=1 target=0 seq=22 state=WAIT_PEER_POSE(1) retry=1 extra=0
COOP_AVOID TX self=1 cmd=POSE_REQUEST(-40) source=1 target=0 seq=22 state=WAIT_PEER_POSE(1) retry=1 extra=1
gmapvalue = 0
ix = 893, iy = 920, GMapWidth = 1800, GMapHeight = 1800
target dynamic blocked in lasermap3
fullpath_error=TARGET_DYNAMIC_BLOCKED_LASER(1004)
Target point temporarily blocked by dynamic map, hold and retry.
COOP_AVOID RX self=1 cmd=ACK(-34) source=0 target=1 seq=22 state=WAIT_PEER_POSE(1) retry=0 extra=0
COOP_AVOID ACK_MATCH self=1 cmd=POSE_REQUEST(-40) source=0 target=1 seq=22 state=WAIT_PEER_POSE(1) retry=1 extra=0
COOP_AVOID RX self=1 cmd=POSE_RESPONSE(-39) source=0 target=1 seq=22 state=WAIT_PEER_POSE(1) retry=0 extra=0
COOP_AVOID TX self=1 cmd=ACK(-34) source=1 target=0 seq=22 state=WAIT_PEER_POSE(1) retry=0 extra=-39
COOP_AVOID STATUS self=1 cmd=UNKNOWN(74) source=1 target=1 seq=0 state=NORMAL(0) retry=0 extra=0
gmapvalue = 0
ix = 893, iy = 920, GMapWidth = 1800, GMapHeight = 1800
target dynamic blocked in lasermap3
fullpath_error=TARGET_DYNAMIC_BLOCKED_LASER(1004)
Target point temporarily blocked by dynamic map, hold and retry.
COOP_AVOID STATUS self=1 cmd=UNKNOWN(74) source=1 target=1 seq=0 state=NORMAL(0) retry=0 extra=257
COOP_AVOID TRIGGER self=1 cmd=POSE_REQUEST(-40) source=1 target=0 seq=23 state=WAIT_PEER_POSE(1) retry=0 extra=1
COOP_AVOID TX self=1 cmd=POSE_REQUEST(-40) source=1 target=0 seq=23 state=WAIT_PEER_POSE(1) retry=0 extra=1
COOP_AVOID RX self=1 cmd=ACK(-34) source=0 target=1 seq=23 state=WAIT_PEER_POSE(1) retry=0 extra=0
COOP_AVOID ACK_MATCH self=1 cmd=POSE_REQUEST(-40) source=0 target=1 seq=23 state=WAIT_PEER_POSE(1) retry=0 extra=0
COOP_AVOID RX self=1 cmd=POSE_RESPONSE(-39) source=0 target=1 seq=23 state=WAIT_PEER_POSE(1) retry=0 extra=0
COOP_AVOID TX self=1 cmd=ACK(-34) source=1 target=0 seq=23 state=WAIT_PEER_POSE(1) retry=0 extra=-39
COOP_AVOID STATUS self=1 cmd=UNKNOWN(74) source=1 target=1 seq=0 state=NORMAL(0) retry=0 extra=0
gmapvalue = 0
ix = 893, iy = 920, GMapWidth = 1800, GMapHeight = 1800
target dynamic blocked in lasermap3
fullpath_error=TARGET_DYNAMIC_BLOCKED_LASER(1004)
Target point temporarily blocked by dynamic map, hold and retry.
COOP_AVOID STATUS self=1 cmd=UNKNOWN(74) source=1 target=1 seq=0 state=NORMAL(0) retry=0 extra=257
COOP_AVOID TRIGGER self=1 cmd=POSE_REQUEST(-40) source=1 target=0 seq=24 state=WAIT_PEER_POSE(1) retry=0 extra=1
COOP_AVOID TX self=1 cmd=POSE_REQUEST(-40) source=1 target=0 seq=24 state=WAIT_PEER_POSE(1) retry=0 extra=1
COOP_AVOID RX self=1 cmd=ACK(-34) source=0 target=1 seq=24 state=WAIT_PEER_POSE(1) retry=0 extra=0
COOP_AVOID ACK_MATCH self=1 cmd=POSE_REQUEST(-40) source=0 target=1 seq=24 state=WAIT_PEER_POSE(1) retry=0 extra=0
COOP_AVOID RX self=1 cmd=POSE_RESPONSE(-39) source=0 target=1 seq=24 state=WAIT_PEER_POSE(1) retry=0 extra=0
COOP_AVOID TX self=1 cmd=ACK(-34) source=1 target=0 seq=24 state=WAIT_PEER_POSE(1) retry=0 extra=-39
COOP_AVOID STATUS self=1 cmd=UNKNOWN(74) source=1 target=1 seq=0 state=NORMAL(0) retry=0 extra=0
gmapvalue = 0
ix = 893, iy = 920, GMapWidth = 1800, GMapHeight = 1800
target dynamic blocked in lasermap3
fullpath_error=TARGET_DYNAMIC_BLOCKED_LASER(1004)
Target point temporarily blocked by dynamic map, hold and retry.
COOP_AVOID STATUS self=1 cmd=UNKNOWN(74) source=1 target=1 seq=0 state=NORMAL(0) retry=0 extra=257
COOP_AVOID TRIGGER self=1 cmd=POSE_REQUEST(-40) source=1 target=0 seq=25 state=WAIT_PEER_POSE(1) retry=0 extra=1
COOP_AVOID TX self=1 cmd=POSE_REQUEST(-40) source=1 target=0 seq=25 state=WAIT_PEER_POSE(1) retry=0 extra=1
COOP_AVOID RX self=1 cmd=ACK(-34) source=0 target=1 seq=25 state=WAIT_PEER_POSE(1) retry=0 extra=0
COOP_AVOID ACK_MATCH self=1 cmd=POSE_REQUEST(-40) source=0 target=1 seq=25 state=WAIT_PEER_POSE(1) retry=0 extra=0
COOP_AVOID RX self=1 cmd=POSE_RESPONSE(-39) source=0 target=1 seq=25 state=WAIT_PEER_POSE(1) retry=0 extra=0
COOP_AVOID TX self=1 cmd=ACK(-34) source=1 target=0 seq=25 state=WAIT_PEER_POSE(1) retry=0 extra=-39
COOP_AVOID STATUS self=1 cmd=UNKNOWN(74) source=1 target=1 seq=0 state=NORMAL(0) retry=0 extra=0
gmapvalue = 0
ix = 893, iy = 920, GMapWidth = 1800, GMapHeight = 1800
target dynamic blocked in lasermap3
fullpath_error=TARGET_DYNAMIC_BLOCKED_LASER(1004)
Target point temporarily blocked by dynamic map, hold and retry.
COOP_AVOID STATUS self=1 cmd=UNKNOWN(74) source=1 target=1 seq=0 state=NORMAL(0) retry=0 extra=257
COOP_AVOID TRIGGER self=1 cmd=POSE_REQUEST(-40) source=1 target=0 seq=26 state=WAIT_PEER_POSE(1) retry=0 extra=1
COOP_AVOID TX self=1 cmd=POSE_REQUEST(-40) source=1 target=0 seq=26 state=WAIT_PEER_POSE(1) retry=0 extra=1
gmapvalue = 0
ix = 893, iy = 920, GMapWidth = 1800, GMapHeight = 1800
target dynamic blocked in lasermap3
fullpath_error=TARGET_DYNAMIC_BLOCKED_LASER(1004)
Target point temporarily blocked by dynamic map, hold and retry.
COOP_AVOID RETRY self=1 cmd=POSE_REQUEST(-40) source=1 target=0 seq=26 state=WAIT_PEER_POSE(1) retry=1 extra=0
COOP_AVOID TX self=1 cmd=POSE_REQUEST(-40) source=1 target=0 seq=26 state=WAIT_PEER_POSE(1) retry=1 extra=1
COOP_AVOID RX self=1 cmd=ACK(-34) source=0 target=1 seq=26 state=WAIT_PEER_POSE(1) retry=0 extra=0
COOP_AVOID ACK_MATCH self=1 cmd=POSE_REQUEST(-40) source=0 target=1 seq=26 state=WAIT_PEER_POSE(1) retry=1 extra=0
COOP_AVOID RX self=1 cmd=POSE_RESPONSE(-39) source=0 target=1 seq=26 state=WAIT_PEER_POSE(1) retry=0 extra=0
COOP_AVOID TX self=1 cmd=ACK(-34) source=1 target=0 seq=26 state=WAIT_PEER_POSE(1) retry=0 extra=-39
COOP_AVOID STATUS self=1 cmd=UNKNOWN(74) source=1 target=1 seq=0 state=NORMAL(0) retry=0 extra=0
gmapvalue = 0
ix = 893, iy = 920, GMapWidth = 1800, GMapHeight = 1800
target dynamic blocked in lasermap3
fullpath_error=TARGET_DYNAMIC_BLOCKED_LASER(1004)
Target point temporarily blocked by dynamic map, hold and retry.
COOP_AVOID STATUS self=1 cmd=UNKNOWN(74) source=1 target=1 seq=0 state=NORMAL(0) retry=0 extra=257
COOP_AVOID TRIGGER self=1 cmd=POSE_REQUEST(-40) source=1 target=0 seq=27 state=WAIT_PEER_POSE(1) retry=0 extra=1
COOP_AVOID TX self=1 cmd=POSE_REQUEST(-40) source=1 target=0 seq=27 state=WAIT_PEER_POSE(1) retry=0 extra=1
COOP_AVOID RX self=1 cmd=ACK(-34) source=0 target=1 seq=27 state=WAIT_PEER_POSE(1) retry=0 extra=0
COOP_AVOID ACK_MATCH self=1 cmd=POSE_REQUEST(-40) source=0 target=1 seq=27 state=WAIT_PEER_POSE(1) retry=0 extra=0
COOP_AVOID RX self=1 cmd=POSE_RESPONSE(-39) source=0 target=1 seq=27 state=WAIT_PEER_POSE(1) retry=0 extra=0
COOP_AVOID TX self=1 cmd=ACK(-34) source=1 target=0 seq=27 state=WAIT_PEER_POSE(1) retry=0 extra=-39
COOP_AVOID STATUS self=1 cmd=UNKNOWN(74) source=1 target=1 seq=0 state=NORMAL(0) retry=0 extra=0
gmapvalue = 0
ix = 893, iy = 920, GMapWidth = 1800, GMapHeight = 1800
target dynamic blocked in lasermap3
fullpath_error=TARGET_DYNAMIC_BLOCKED_LASER(1004)
Target point temporarily blocked by dynamic map, hold and retry.
COOP_AVOID STATUS self=1 cmd=UNKNOWN(74) source=1 target=1 seq=0 state=NORMAL(0) retry=0 extra=257
COOP_AVOID TRIGGER self=1 cmd=POSE_REQUEST(-40) source=1 target=0 seq=28 state=WAIT_PEER_POSE(1) retry=0 extra=1
COOP_AVOID TX self=1 cmd=POSE_REQUEST(-40) source=1 target=0 seq=28 state=WAIT_PEER_POSE(1) retry=0 extra=1
COOP_AVOID RX self=1 cmd=ACK(-34) source=0 target=1 seq=28 state=WAIT_PEER_POSE(1) retry=0 extra=0
COOP_AVOID ACK_MATCH self=1 cmd=POSE_REQUEST(-40) source=0 target=1 seq=28 state=WAIT_PEER_POSE(1) retry=0 extra=0
COOP_AVOID RX self=1 cmd=POSE_RESPONSE(-39) source=0 target=1 seq=28 state=WAIT_PEER_POSE(1) retry=0 extra=0
COOP_AVOID TX self=1 cmd=ACK(-34) source=1 target=0 seq=28 state=WAIT_PEER_POSE(1) retry=0 extra=-39
COOP_AVOID STATUS self=1 cmd=UNKNOWN(74) source=1 target=1 seq=0 state=NORMAL(0) retry=0 extra=0
gmapvalue = 0
ix = 893, iy = 920, GMapWidth = 1800, GMapHeight = 1800
target dynamic blocked in lasermap3
fullpath_error=TARGET_DYNAMIC_BLOCKED_LASER(1004)
Target point temporarily blocked by dynamic map, hold and retry.
COOP_AVOID STATUS self=1 cmd=UNKNOWN(74) source=1 target=1 seq=0 state=NORMAL(0) retry=0 extra=257
COOP_AVOID TRIGGER self=1 cmd=POSE_REQUEST(-40) source=1 target=0 seq=29 state=WAIT_PEER_POSE(1) retry=0 extra=1
COOP_AVOID TX self=1 cmd=POSE_REQUEST(-40) source=1 target=0 seq=29 state=WAIT_PEER_POSE(1) retry=0 extra=1
COOP_AVOID RX self=1 cmd=ACK(-34) source=0 target=1 seq=29 state=WAIT_PEER_POSE(1) retry=0 extra=0
COOP_AVOID ACK_MATCH self=1 cmd=POSE_REQUEST(-40) source=0 target=1 seq=29 state=WAIT_PEER_POSE(1) retry=0 extra=0
COOP_AVOID RX self=1 cmd=POSE_RESPONSE(-39) source=0 target=1 seq=29 state=WAIT_PEER_POSE(1) retry=0 extra=0
COOP_AVOID TX self=1 cmd=ACK(-34) source=1 target=0 seq=29 state=WAIT_PEER_POSE(1) retry=0 extra=-39
COOP_AVOID STATUS self=1 cmd=UNKNOWN(74) source=1 target=1 seq=0 state=NORMAL(0) retry=0 extra=0
gmapvalue = 0
ix = 893, iy = 920, GMapWidth = 1800, GMapHeight = 1800
target dynamic blocked in lasermap3
fullpath_error=TARGET_DYNAMIC_BLOCKED_LASER(1004)
Target point temporarily blocked by dynamic map, hold and retry.
COOP_AVOID STATUS self=1 cmd=UNKNOWN(74) source=1 target=1 seq=0 state=NORMAL(0) retry=0 extra=257
COOP_AVOID TRIGGER self=1 cmd=POSE_REQUEST(-40) source=1 target=0 seq=30 state=WAIT_PEER_POSE(1) retry=0 extra=1
COOP_AVOID TX self=1 cmd=POSE_REQUEST(-40) source=1 target=0 seq=30 state=WAIT_PEER_POSE(1) retry=0 extra=1
COOP_AVOID RX self=1 cmd=ACK(-34) source=0 target=1 seq=30 state=WAIT_PEER_POSE(1) retry=0 extra=0
COOP_AVOID ACK_MATCH self=1 cmd=POSE_REQUEST(-40) source=0 target=1 seq=30 state=WAIT_PEER_POSE(1) retry=0 extra=0
COOP_AVOID RX self=1 cmd=POSE_RESPONSE(-39) source=0 target=1 seq=30 state=WAIT_PEER_POSE(1) retry=0 extra=0
COOP_AVOID TX self=1 cmd=ACK(-34) source=1 target=0 seq=30 state=WAIT_PEER_POSE(1) retry=0 extra=-39
COOP_AVOID STATUS self=1 cmd=UNKNOWN(74) source=1 target=1 seq=0 state=NORMAL(0) retry=0 extra=0
gmapvalue = 0
ix = 893, iy = 920, GMapWidth = 1800, GMapHeight = 1800
target dynamic blocked in lasermap3
fullpath_error=TARGET_DYNAMIC_BLOCKED_LASER(1004)
Target point temporarily blocked by dynamic map, hold and retry.
COOP_AVOID STATUS self=1 cmd=UNKNOWN(74) source=1 target=1 seq=0 state=NORMAL(0) retry=0 extra=257
COOP_AVOID TRIGGER self=1 cmd=POSE_REQUEST(-40) source=1 target=0 seq=31 state=WAIT_PEER_POSE(1) retry=0 extra=1
COOP_AVOID TX self=1 cmd=POSE_REQUEST(-40) source=1 target=0 seq=31 state=WAIT_PEER_POSE(1) retry=0 extra=1
COOP_AVOID RX self=1 cmd=ACK(-34) source=0 target=1 seq=31 state=WAIT_PEER_POSE(1) retry=0 extra=0
COOP_AVOID ACK_MATCH self=1 cmd=POSE_REQUEST(-40) source=0 target=1 seq=31 state=WAIT_PEER_POSE(1) retry=0 extra=0
COOP_AVOID RX self=1 cmd=POSE_RESPONSE(-39) source=0 target=1 seq=31 state=WAIT_PEER_POSE(1) retry=0 extra=0
COOP_AVOID TX self=1 cmd=ACK(-34) source=1 target=0 seq=31 state=WAIT_PEER_POSE(1) retry=0 extra=-39
COOP_AVOID STATUS self=1 cmd=UNKNOWN(74) source=1 target=1 seq=0 state=NORMAL(0) retry=0 extra=0
gmapvalue = 0
ix = 893, iy = 920, GMapWidth = 1800, GMapHeight = 1800
target dynamic blocked in lasermap3
fullpath_error=TARGET_DYNAMIC_BLOCKED_LASER(1004)
Target point temporarily blocked by dynamic map, hold and retry.
COOP_AVOID STATUS self=1 cmd=UNKNOWN(74) source=1 target=1 seq=0 state=NORMAL(0) retry=0 extra=257
COOP_AVOID TRIGGER self=1 cmd=POSE_REQUEST(-40) source=1 target=0 seq=32 state=WAIT_PEER_POSE(1) retry=0 extra=1
COOP_AVOID TX self=1 cmd=POSE_REQUEST(-40) source=1 target=0 seq=32 state=WAIT_PEER_POSE(1) retry=0 extra=1
COOP_AVOID RX self=1 cmd=ACK(-34) source=0 target=1 seq=32 state=WAIT_PEER_POSE(1) retry=0 extra=0
COOP_AVOID ACK_MATCH self=1 cmd=POSE_REQUEST(-40) source=0 target=1 seq=32 state=WAIT_PEER_POSE(1) retry=0 extra=0
COOP_AVOID RX self=1 cmd=POSE_RESPONSE(-39) source=0 target=1 seq=32 state=WAIT_PEER_POSE(1) retry=0 extra=0
COOP_AVOID TX self=1 cmd=ACK(-34) source=1 target=0 seq=32 state=WAIT_PEER_POSE(1) retry=0 extra=-39
COOP_AVOID STATUS self=1 cmd=UNKNOWN(74) source=1 target=1 seq=0 state=NORMAL(0) retry=0 extra=0
gmapvalue = 0
ix = 893, iy = 920, GMapWidth = 1800, GMapHeight = 1800
target dynamic blocked in lasermap3
fullpath_error=TARGET_DYNAMIC_BLOCKED_LASER(1004)
Target point temporarily blocked by dynamic map, hold and retry.
COOP_AVOID STATUS self=1 cmd=UNKNOWN(74) source=1 target=1 seq=0 state=NORMAL(0) retry=0 extra=257
COOP_AVOID TRIGGER self=1 cmd=POSE_REQUEST(-40) source=1 target=0 seq=33 state=WAIT_PEER_POSE(1) retry=0 extra=1
COOP_AVOID TX self=1 cmd=POSE_REQUEST(-40) source=1 target=0 seq=33 state=WAIT_PEER_POSE(1) retry=0 extra=1
COOP_AVOID RX self=1 cmd=ACK(-34) source=0 target=1 seq=33 state=WAIT_PEER_POSE(1) retry=0 extra=0
COOP_AVOID ACK_MATCH self=1 cmd=POSE_REQUEST(-40) source=0 target=1 seq=33 state=WAIT_PEER_POSE(1) retry=0 extra=0
COOP_AVOID RX self=1 cmd=POSE_RESPONSE(-39) source=0 target=1 seq=33 state=WAIT_PEER_POSE(1) retry=0 extra=0
COOP_AVOID TX self=1 cmd=ACK(-34) source=1 target=0 seq=33 state=WAIT_PEER_POSE(1) retry=0 extra=-39
COOP_AVOID STATUS self=1 cmd=UNKNOWN(74) source=1 target=1 seq=0 state=NORMAL(0) retry=0 extra=0
gmapvalue = 0
ix = 893, iy = 920, GMapWidth = 1800, GMapHeight = 1800
target dynamic blocked in lasermap3
fullpath_error=TARGET_DYNAMIC_BLOCKED_LASER(1004)
Target point temporarily blocked by dynamic map, hold and retry.
COOP_AVOID STATUS self=1 cmd=UNKNOWN(74) source=1 target=1 seq=0 state=NORMAL(0) retry=0 extra=257
COOP_AVOID TRIGGER self=1 cmd=POSE_REQUEST(-40) source=1 target=0 seq=34 state=WAIT_PEER_POSE(1) retry=0 extra=1
COOP_AVOID TX self=1 cmd=POSE_REQUEST(-40) source=1 target=0 seq=34 state=WAIT_PEER_POSE(1) retry=0 extra=1
COOP_AVOID RX self=1 cmd=ACK(-34) source=0 target=1 seq=34 state=WAIT_PEER_POSE(1) retry=0 extra=0
COOP_AVOID ACK_MATCH self=1 cmd=POSE_REQUEST(-40) source=0 target=1 seq=34 state=WAIT_PEER_POSE(1) retry=0 extra=0
COOP_AVOID RX self=1 cmd=POSE_RESPONSE(-39) source=0 target=1 seq=34 state=WAIT_PEER_POSE(1) retry=0 extra=0
COOP_AVOID TX self=1 cmd=ACK(-34) source=1 target=0 seq=34 state=WAIT_PEER_POSE(1) retry=0 extra=-39
COOP_AVOID STATUS self=1 cmd=UNKNOWN(74) source=1 target=1 seq=0 state=NORMAL(0) retry=0 extra=0
gmapvalue = 0
ix = 893, iy = 920, GMapWidth = 1800, GMapHeight = 1800
target dynamic blocked in lasermap3
fullpath_error=TARGET_DYNAMIC_BLOCKED_LASER(1004)
Target point temporarily blocked by dynamic map, hold and retry.
COOP_AVOID STATUS self=1 cmd=UNKNOWN(74) source=1 target=1 seq=0 state=NORMAL(0) retry=0 extra=257
COOP_AVOID TRIGGER self=1 cmd=POSE_REQUEST(-40) source=1 target=0 seq=35 state=WAIT_PEER_POSE(1) retry=0 extra=1
COOP_AVOID TX self=1 cmd=POSE_REQUEST(-40) source=1 target=0 seq=35 state=WAIT_PEER_POSE(1) retry=0 extra=1
COOP_AVOID RX self=1 cmd=ACK(-34) source=0 target=1 seq=35 state=WAIT_PEER_POSE(1) retry=0 extra=0
COOP_AVOID ACK_MATCH self=1 cmd=POSE_REQUEST(-40) source=0 target=1 seq=35 state=WAIT_PEER_POSE(1) retry=0 extra=0
COOP_AVOID RX self=1 cmd=POSE_RESPONSE(-39) source=0 target=1 seq=35 state=WAIT_PEER_POSE(1) retry=0 extra=0
COOP_AVOID TX self=1 cmd=ACK(-34) source=1 target=0 seq=35 state=WAIT_PEER_POSE(1) retry=0 extra=-39
COOP_AVOID STATUS self=1 cmd=UNKNOWN(74) source=1 target=1 seq=0 state=NORMAL(0) retry=0 extra=0
gmapvalue = 0
ix = 893, iy = 920, GMapWidth = 1800, GMapHeight = 1800
target dynamic blocked in lasermap3
fullpath_error=TARGET_DYNAMIC_BLOCKED_LASER(1004)
Target point temporarily blocked by dynamic map, hold and retry.
COOP_AVOID STATUS self=1 cmd=UNKNOWN(74) source=1 target=1 seq=0 state=NORMAL(0) retry=0 extra=257
COOP_AVOID TRIGGER self=1 cmd=POSE_REQUEST(-40) source=1 target=0 seq=36 state=WAIT_PEER_POSE(1) retry=0 extra=1
COOP_AVOID TX self=1 cmd=POSE_REQUEST(-40) source=1 target=0 seq=36 state=WAIT_PEER_POSE(1) retry=0 extra=1
COOP_AVOID RX self=1 cmd=ACK(-34) source=0 target=1 seq=36 state=WAIT_PEER_POSE(1) retry=0 extra=0
COOP_AVOID ACK_MATCH self=1 cmd=POSE_REQUEST(-40) source=0 target=1 seq=36 state=WAIT_PEER_POSE(1) retry=0 extra=0
gmapvalue = 0
ix = 893, iy = 920, GMapWidth = 1800, GMapHeight = 1800
target dynamic blocked in lasermap3
fullpath_error=TARGET_DYNAMIC_BLOCKED_LASER(1004)
Target point temporarily blocked by dynamic map, hold and retry.
COOP_AVOID RETRY self=1 cmd=POSE_REQUEST(-40) source=1 target=0 seq=36 state=WAIT_PEER_POSE(1) retry=1 extra=1
COOP_AVOID TX self=1 cmd=POSE_REQUEST(-40) source=1 target=0 seq=36 state=WAIT_PEER_POSE(1) retry=1 extra=1
gmapvalue = 0
ix = 893, iy = 920, GMapWidth = 1800, GMapHeight = 1800
target dynamic blocked in lasermap3
fullpath_error=TARGET_DYNAMIC_BLOCKED_LASER(1004)
Target point temporarily blocked by dynamic map, hold and retry.
COOP_AVOID RX self=1 cmd=ACK(-34) source=0 target=1 seq=36 state=WAIT_PEER_POSE(1) retry=0 extra=0
COOP_AVOID ACK_MATCH self=1 cmd=POSE_REQUEST(-40) source=0 target=1 seq=36 state=WAIT_PEER_POSE(1) retry=1 extra=0
COOP_AVOID RX self=1 cmd=POSE_RESPONSE(-39) source=0 target=1 seq=36 state=WAIT_PEER_POSE(1) retry=0 extra=0
COOP_AVOID TX self=1 cmd=ACK(-34) source=1 target=0 seq=36 state=WAIT_PEER_POSE(1) retry=0 extra=-39
COOP_AVOID STATUS self=1 cmd=UNKNOWN(74) source=1 target=1 seq=0 state=NORMAL(0) retry=0 extra=0
gmapvalue = 0
ix = 893, iy = 920, GMapWidth = 1800, GMapHeight = 1800
target dynamic blocked in lasermap3
fullpath_error=TARGET_DYNAMIC_BLOCKED_LASER(1004)
Target point temporarily blocked by dynamic map, hold and retry.
COOP_AVOID STATUS self=1 cmd=UNKNOWN(74) source=1 target=1 seq=0 state=NORMAL(0) retry=0 extra=257
COOP_AVOID TRIGGER self=1 cmd=POSE_REQUEST(-40) source=1 target=0 seq=37 state=WAIT_PEER_POSE(1) retry=0 extra=1
COOP_AVOID TX self=1 cmd=POSE_REQUEST(-40) source=1 target=0 seq=37 state=WAIT_PEER_POSE(1) retry=0 extra=1
COOP_AVOID RX self=1 cmd=ACK(-34) source=0 target=1 seq=37 state=WAIT_PEER_POSE(1) retry=0 extra=0
COOP_AVOID ACK_MATCH self=1 cmd=POSE_REQUEST(-40) source=0 target=1 seq=37 state=WAIT_PEER_POSE(1) retry=0 extra=0
COOP_AVOID RX self=1 cmd=POSE_RESPONSE(-39) source=0 target=1 seq=37 state=WAIT_PEER_POSE(1) retry=0 extra=0
COOP_AVOID TX self=1 cmd=ACK(-34) source=1 target=0 seq=37 state=WAIT_PEER_POSE(1) retry=0 extra=-39
COOP_AVOID STATUS self=1 cmd=UNKNOWN(74) source=1 target=1 seq=0 state=NORMAL(0) retry=0 extra=0
gmapvalue = 0
ix = 893, iy = 920, GMapWidth = 1800, GMapHeight = 1800
target dynamic blocked in lasermap3
fullpath_error=TARGET_DYNAMIC_BLOCKED_LASER(1004)
Target point temporarily blocked by dynamic map, hold and retry.
COOP_AVOID STATUS self=1 cmd=UNKNOWN(74) source=1 target=1 seq=0 state=NORMAL(0) retry=0 extra=257
COOP_AVOID TRIGGER self=1 cmd=POSE_REQUEST(-40) source=1 target=0 seq=38 state=WAIT_PEER_POSE(1) retry=0 extra=1
COOP_AVOID TX self=1 cmd=POSE_REQUEST(-40) source=1 target=0 seq=38 state=WAIT_PEER_POSE(1) retry=0 extra=1
COOP_AVOID RX self=1 cmd=ACK(-34) source=0 target=1 seq=38 state=WAIT_PEER_POSE(1) retry=0 extra=0
COOP_AVOID ACK_MATCH self=1 cmd=POSE_REQUEST(-40) source=0 target=1 seq=38 state=WAIT_PEER_POSE(1) retry=0 extra=0
COOP_AVOID RX self=1 cmd=POSE_RESPONSE(-39) source=0 target=1 seq=38 state=WAIT_PEER_POSE(1) retry=0 extra=0
COOP_AVOID TX self=1 cmd=ACK(-34) source=1 target=0 seq=38 state=WAIT_PEER_POSE(1) retry=0 extra=-39
COOP_AVOID STATUS self=1 cmd=UNKNOWN(74) source=1 target=1 seq=0 state=NORMAL(0) retry=0 extra=0
gmapvalue = 0
ix = 893, iy = 920, GMapWidth = 1800, GMapHeight = 1800
target dynamic blocked in lasermap3
fullpath_error=TARGET_DYNAMIC_BLOCKED_LASER(1004)
Target point temporarily blocked by dynamic map, hold and retry.
COOP_AVOID STATUS self=1 cmd=UNKNOWN(74) source=1 target=1 seq=0 state=NORMAL(0) retry=0 extra=257
COOP_AVOID TRIGGER self=1 cmd=POSE_REQUEST(-40) source=1 target=0 seq=39 state=WAIT_PEER_POSE(1) retry=0 extra=1
COOP_AVOID TX self=1 cmd=POSE_REQUEST(-40) source=1 target=0 seq=39 state=WAIT_PEER_POSE(1) retry=0 extra=1
COOP_AVOID RX self=1 cmd=ACK(-34) source=0 target=1 seq=39 state=WAIT_PEER_POSE(1) retry=0 extra=0
COOP_AVOID ACK_MATCH self=1 cmd=POSE_REQUEST(-40) source=0 target=1 seq=39 state=WAIT_PEER_POSE(1) retry=0 extra=0
COOP_AVOID RX self=1 cmd=POSE_RESPONSE(-39) source=0 target=1 seq=39 state=WAIT_PEER_POSE(1) retry=0 extra=0
COOP_AVOID TX self=1 cmd=ACK(-34) source=1 target=0 seq=39 state=WAIT_PEER_POSE(1) retry=0 extra=-39
COOP_AVOID STATUS self=1 cmd=UNKNOWN(74) source=1 target=1 seq=0 state=NORMAL(0) retry=0 extra=0
gmapvalue = 0
ix = 893, iy = 920, GMapWidth = 1800, GMapHeight = 1800
target dynamic blocked in lasermap3
fullpath_error=TARGET_DYNAMIC_BLOCKED_LASER(1004)
Target point temporarily blocked by dynamic map, hold and retry.
COOP_AVOID STATUS self=1 cmd=UNKNOWN(74) source=1 target=1 seq=0 state=NORMAL(0) retry=0 extra=257
COOP_AVOID TRIGGER self=1 cmd=POSE_REQUEST(-40) source=1 target=0 seq=40 state=WAIT_PEER_POSE(1) retry=0 extra=1
COOP_AVOID TX self=1 cmd=POSE_REQUEST(-40) source=1 target=0 seq=40 state=WAIT_PEER_POSE(1) retry=0 extra=1
COOP_AVOID RX self=1 cmd=ACK(-34) source=0 target=1 seq=40 state=WAIT_PEER_POSE(1) retry=0 extra=0
COOP_AVOID ACK_MATCH self=1 cmd=POSE_REQUEST(-40) source=0 target=1 seq=40 state=WAIT_PEER_POSE(1) retry=0 extra=0
COOP_AVOID RX self=1 cmd=POSE_RESPONSE(-39) source=0 target=1 seq=40 state=WAIT_PEER_POSE(1) retry=0 extra=0
COOP_AVOID TX self=1 cmd=ACK(-34) source=1 target=0 seq=40 state=WAIT_PEER_POSE(1) retry=0 extra=-39
COOP_AVOID STATUS self=1 cmd=UNKNOWN(74) source=1 target=1 seq=0 state=NORMAL(0) retry=0 extra=0
gmapvalue = 0
ix = 893, iy = 920, GMapWidth = 1800, GMapHeight = 1800
target dynamic blocked in lasermap3
fullpath_error=TARGET_DYNAMIC_BLOCKED_LASER(1004)
Target point temporarily blocked by dynamic map, hold and retry.
COOP_AVOID STATUS self=1 cmd=UNKNOWN(74) source=1 target=1 seq=0 state=NORMAL(0) retry=0 extra=257
COOP_AVOID TRIGGER self=1 cmd=POSE_REQUEST(-40) source=1 target=0 seq=41 state=WAIT_PEER_POSE(1) retry=0 extra=1
COOP_AVOID TX self=1 cmd=POSE_REQUEST(-40) source=1 target=0 seq=41 state=WAIT_PEER_POSE(1) retry=0 extra=1
COOP_AVOID RX self=1 cmd=ACK(-34) source=0 target=1 seq=41 state=WAIT_PEER_POSE(1) retry=0 extra=0
COOP_AVOID ACK_MATCH self=1 cmd=POSE_REQUEST(-40) source=0 target=1 seq=41 state=WAIT_PEER_POSE(1) retry=0 extra=0
COOP_AVOID RX self=1 cmd=POSE_RESPONSE(-39) source=0 target=1 seq=41 state=WAIT_PEER_POSE(1) retry=0 extra=0
COOP_AVOID TX self=1 cmd=ACK(-34) source=1 target=0 seq=41 state=WAIT_PEER_POSE(1) retry=0 extra=-39
COOP_AVOID STATUS self=1 cmd=UNKNOWN(74) source=1 target=1 seq=0 state=NORMAL(0) retry=0 extra=0
gmapvalue = 0
ix = 893, iy = 920, GMapWidth = 1800, GMapHeight = 1800
target dynamic blocked in lasermap3
fullpath_error=TARGET_DYNAMIC_BLOCKED_LASER(1004)
Target point temporarily blocked by dynamic map, hold and retry.
COOP_AVOID STATUS self=1 cmd=UNKNOWN(74) source=1 target=1 seq=0 state=NORMAL(0) retry=0 extra=257
COOP_AVOID TRIGGER self=1 cmd=POSE_REQUEST(-40) source=1 target=0 seq=42 state=WAIT_PEER_POSE(1) retry=0 extra=1
COOP_AVOID TX self=1 cmd=POSE_REQUEST(-40) source=1 target=0 seq=42 state=WAIT_PEER_POSE(1) retry=0 extra=1
COOP_AVOID RX self=1 cmd=ACK(-34) source=0 target=1 seq=42 state=WAIT_PEER_POSE(1) retry=0 extra=0
COOP_AVOID ACK_MATCH self=1 cmd=POSE_REQUEST(-40) source=0 target=1 seq=42 state=WAIT_PEER_POSE(1) retry=0 extra=0
COOP_AVOID RX self=1 cmd=POSE_RESPONSE(-39) source=0 target=1 seq=42 state=WAIT_PEER_POSE(1) retry=0 extra=0
COOP_AVOID TX self=1 cmd=ACK(-34) source=1 target=0 seq=42 state=WAIT_PEER_POSE(1) retry=0 extra=-39
COOP_AVOID STATUS self=1 cmd=UNKNOWN(74) source=1 target=1 seq=0 state=NORMAL(0) retry=0 extra=0
gmapvalue = 0
ix = 893, iy = 920, GMapWidth = 1800, GMapHeight = 1800
target dynamic blocked in lasermap3
fullpath_error=TARGET_DYNAMIC_BLOCKED_LASER(1004)
Target point temporarily blocked by dynamic map, hold and retry.
COOP_AVOID STATUS self=1 cmd=UNKNOWN(74) source=1 target=1 seq=0 state=NORMAL(0) retry=0 extra=257
COOP_AVOID TRIGGER self=1 cmd=POSE_REQUEST(-40) source=1 target=0 seq=43 state=WAIT_PEER_POSE(1) retry=0 extra=1
COOP_AVOID TX self=1 cmd=POSE_REQUEST(-40) source=1 target=0 seq=43 state=WAIT_PEER_POSE(1) retry=0 extra=1
COOP_AVOID RX self=1 cmd=ACK(-34) source=0 target=1 seq=43 state=WAIT_PEER_POSE(1) retry=0 extra=0
COOP_AVOID ACK_MATCH self=1 cmd=POSE_REQUEST(-40) source=0 target=1 seq=43 state=WAIT_PEER_POSE(1) retry=0 extra=0
COOP_AVOID RX self=1 cmd=POSE_RESPONSE(-39) source=0 target=1 seq=43 state=WAIT_PEER_POSE(1) retry=0 extra=0
COOP_AVOID TX self=1 cmd=ACK(-34) source=1 target=0 seq=43 state=WAIT_PEER_POSE(1) retry=0 extra=-39
COOP_AVOID STATUS self=1 cmd=UNKNOWN(74) source=1 target=1 seq=0 state=NORMAL(0) retry=0 extra=0
gmapvalue = 0
ix = 893, iy = 920, GMapWidth = 1800, GMapHeight = 1800
target dynamic blocked in lasermap3
fullpath_error=TARGET_DYNAMIC_BLOCKED_LASER(1004)
Target point temporarily blocked by dynamic map, hold and retry.
COOP_AVOID STATUS self=1 cmd=UNKNOWN(74) source=1 target=1 seq=0 state=NORMAL(0) retry=0 extra=257
COOP_AVOID TRIGGER self=1 cmd=POSE_REQUEST(-40) source=1 target=0 seq=44 state=WAIT_PEER_POSE(1) retry=0 extra=1
COOP_AVOID TX self=1 cmd=POSE_REQUEST(-40) source=1 target=0 seq=44 state=WAIT_PEER_POSE(1) retry=0 extra=1
COOP_AVOID RX self=1 cmd=ACK(-34) source=0 target=1 seq=44 state=WAIT_PEER_POSE(1) retry=0 extra=0
COOP_AVOID ACK_MATCH self=1 cmd=POSE_REQUEST(-40) source=0 target=1 seq=44 state=WAIT_PEER_POSE(1) retry=0 extra=0
COOP_AVOID RX self=1 cmd=POSE_RESPONSE(-39) source=0 target=1 seq=44 state=WAIT_PEER_POSE(1) retry=0 extra=0
COOP_AVOID TX self=1 cmd=ACK(-34) source=1 target=0 seq=44 state=WAIT_PEER_POSE(1) retry=0 extra=-39
COOP_AVOID STATUS self=1 cmd=UNKNOWN(74) source=1 target=1 seq=0 state=NORMAL(0) retry=0 extra=0
gmapvalue = 0
ix = 893, iy = 920, GMapWidth = 1800, GMapHeight = 1800
target dynamic blocked in lasermap3
fullpath_error=TARGET_DYNAMIC_BLOCKED_LASER(1004)
Target point temporarily blocked by dynamic map, hold and retry.
COOP_AVOID STATUS self=1 cmd=UNKNOWN(74) source=1 target=1 seq=0 state=NORMAL(0) retry=0 extra=257
COOP_AVOID TRIGGER self=1 cmd=POSE_REQUEST(-40) source=1 target=0 seq=45 state=WAIT_PEER_POSE(1) retry=0 extra=1
COOP_AVOID TX self=1 cmd=POSE_REQUEST(-40) source=1 target=0 seq=45 state=WAIT_PEER_POSE(1) retry=0 extra=1
COOP_AVOID RX self=1 cmd=ACK(-34) source=0 target=1 seq=45 state=WAIT_PEER_POSE(1) retry=0 extra=0
COOP_AVOID ACK_MATCH self=1 cmd=POSE_REQUEST(-40) source=0 target=1 seq=45 state=WAIT_PEER_POSE(1) retry=0 extra=0
COOP_AVOID RX self=1 cmd=POSE_RESPONSE(-39) source=0 target=1 seq=45 state=WAIT_PEER_POSE(1) retry=0 extra=0
COOP_AVOID TX self=1 cmd=ACK(-34) source=1 target=0 seq=45 state=WAIT_PEER_POSE(1) retry=0 extra=-39
COOP_AVOID STATUS self=1 cmd=UNKNOWN(74) source=1 target=1 seq=0 state=NORMAL(0) retry=0 extra=0
gmapvalue = 0
ix = 893, iy = 920, GMapWidth = 1800, GMapHeight = 1800
target dynamic blocked in lasermap3
fullpath_error=TARGET_DYNAMIC_BLOCKED_LASER(1004)
Target point temporarily blocked by dynamic map, hold and retry.
COOP_AVOID STATUS self=1 cmd=UNKNOWN(74) source=1 target=1 seq=0 state=NORMAL(0) retry=0 extra=257
COOP_AVOID TRIGGER self=1 cmd=POSE_REQUEST(-40) source=1 target=0 seq=46 state=WAIT_PEER_POSE(1) retry=0 extra=1
COOP_AVOID TX self=1 cmd=POSE_REQUEST(-40) source=1 target=0 seq=46 state=WAIT_PEER_POSE(1) retry=0 extra=1
COOP_AVOID RX self=1 cmd=ACK(-34) source=0 target=1 seq=46 state=WAIT_PEER_POSE(1) retry=0 extra=0
COOP_AVOID ACK_MATCH self=1 cmd=POSE_REQUEST(-40) source=0 target=1 seq=46 state=WAIT_PEER_POSE(1) retry=0 extra=0
COOP_AVOID RX self=1 cmd=POSE_RESPONSE(-39) source=0 target=1 seq=46 state=WAIT_PEER_POSE(1) retry=0 extra=0
COOP_AVOID TX self=1 cmd=ACK(-34) source=1 target=0 seq=46 state=WAIT_PEER_POSE(1) retry=0 extra=-39
COOP_AVOID STATUS self=1 cmd=UNKNOWN(74) source=1 target=1 seq=0 state=NORMAL(0) retry=0 extra=0
gmapvalue = 0
ix = 893, iy = 920, GMapWidth = 1800, GMapHeight = 1800
target dynamic blocked in lasermap3
fullpath_error=TARGET_DYNAMIC_BLOCKED_LASER(1004)
Target point temporarily blocked by dynamic map, hold and retry.
COOP_AVOID STATUS self=1 cmd=UNKNOWN(74) source=1 target=1 seq=0 state=NORMAL(0) retry=0 extra=257
COOP_AVOID TRIGGER self=1 cmd=POSE_REQUEST(-40) source=1 target=0 seq=47 state=WAIT_PEER_POSE(1) retry=0 extra=1
COOP_AVOID TX self=1 cmd=POSE_REQUEST(-40) source=1 target=0 seq=47 state=WAIT_PEER_POSE(1) retry=0 extra=1
COOP_AVOID RX self=1 cmd=ACK(-34) source=0 target=1 seq=47 state=WAIT_PEER_POSE(1) retry=0 extra=0
COOP_AVOID ACK_MATCH self=1 cmd=POSE_REQUEST(-40) source=0 target=1 seq=47 state=WAIT_PEER_POSE(1) retry=0 extra=0
COOP_AVOID RX self=1 cmd=POSE_RESPONSE(-39) source=0 target=1 seq=47 state=WAIT_PEER_POSE(1) retry=0 extra=0
COOP_AVOID TX self=1 cmd=ACK(-34) source=1 target=0 seq=47 state=WAIT_PEER_POSE(1) retry=0 extra=-39
COOP_AVOID STATUS self=1 cmd=UNKNOWN(74) source=1 target=1 seq=0 state=NORMAL(0) retry=0 extra=0
gmapvalue = 0
ix = 893, iy = 920, GMapWidth = 1800, GMapHeight = 1800
target dynamic blocked in lasermap3
fullpath_error=TARGET_DYNAMIC_BLOCKED_LASER(1004)
Target point temporarily blocked by dynamic map, hold and retry.
COOP_AVOID STATUS self=1 cmd=UNKNOWN(74) source=1 target=1 seq=0 state=NORMAL(0) retry=0 extra=257
COOP_AVOID TRIGGER self=1 cmd=POSE_REQUEST(-40) source=1 target=0 seq=48 state=WAIT_PEER_POSE(1) retry=0 extra=1
COOP_AVOID TX self=1 cmd=POSE_REQUEST(-40) source=1 target=0 seq=48 state=WAIT_PEER_POSE(1) retry=0 extra=1
COOP_AVOID RX self=1 cmd=ACK(-34) source=0 target=1 seq=48 state=WAIT_PEER_POSE(1) retry=0 extra=0
COOP_AVOID ACK_MATCH self=1 cmd=POSE_REQUEST(-40) source=0 target=1 seq=48 state=WAIT_PEER_POSE(1) retry=0 extra=0
COOP_AVOID RX self=1 cmd=POSE_RESPONSE(-39) source=0 target=1 seq=48 state=WAIT_PEER_POSE(1) retry=0 extra=0
COOP_AVOID TX self=1 cmd=ACK(-34) source=1 target=0 seq=48 state=WAIT_PEER_POSE(1) retry=0 extra=-39
COOP_AVOID STATUS self=1 cmd=UNKNOWN(74) source=1 target=1 seq=0 state=NORMAL(0) retry=0 extra=0
gmapvalue = 0
ix = 893, iy = 920, GMapWidth = 1800, GMapHeight = 1800
target dynamic blocked in lasermap3
fullpath_error=TARGET_DYNAMIC_BLOCKED_LASER(1004)
Target point temporarily blocked by dynamic map, hold and retry.
COOP_AVOID STATUS self=1 cmd=UNKNOWN(74) source=1 target=1 seq=0 state=NORMAL(0) retry=0 extra=257
COOP_AVOID TRIGGER self=1 cmd=POSE_REQUEST(-40) source=1 target=0 seq=49 state=WAIT_PEER_POSE(1) retry=0 extra=1
COOP_AVOID TX self=1 cmd=POSE_REQUEST(-40) source=1 target=0 seq=49 state=WAIT_PEER_POSE(1) retry=0 extra=1
COOP_AVOID RX self=1 cmd=ACK(-34) source=0 target=1 seq=49 state=WAIT_PEER_POSE(1) retry=0 extra=0
COOP_AVOID ACK_MATCH self=1 cmd=POSE_REQUEST(-40) source=0 target=1 seq=49 state=WAIT_PEER_POSE(1) retry=0 extra=0
COOP_AVOID RX self=1 cmd=POSE_RESPONSE(-39) source=0 target=1 seq=49 state=WAIT_PEER_POSE(1) retry=0 extra=0
COOP_AVOID TX self=1 cmd=ACK(-34) source=1 target=0 seq=49 state=WAIT_PEER_POSE(1) retry=0 extra=-39
COOP_AVOID STATUS self=1 cmd=UNKNOWN(74) source=1 target=1 seq=0 state=NORMAL(0) retry=0 extra=0
gmapvalue = 0
ix = 893, iy = 920, GMapWidth = 1800, GMapHeight = 1800
target dynamic blocked in lasermap3
fullpath_error=TARGET_DYNAMIC_BLOCKED_LASER(1004)
Target point temporarily blocked by dynamic map, hold and retry.
COOP_AVOID STATUS self=1 cmd=UNKNOWN(74) source=1 target=1 seq=0 state=NORMAL(0) retry=0 extra=257
COOP_AVOID TRIGGER self=1 cmd=POSE_REQUEST(-40) source=1 target=0 seq=50 state=WAIT_PEER_POSE(1) retry=0 extra=1
COOP_AVOID TX self=1 cmd=POSE_REQUEST(-40) source=1 target=0 seq=50 state=WAIT_PEER_POSE(1) retry=0 extra=1
COOP_AVOID RX self=1 cmd=ACK(-34) source=0 target=1 seq=50 state=WAIT_PEER_POSE(1) retry=0 extra=0
COOP_AVOID ACK_MATCH self=1 cmd=POSE_REQUEST(-40) source=0 target=1 seq=50 state=WAIT_PEER_POSE(1) retry=0 extra=0
COOP_AVOID RX self=1 cmd=POSE_RESPONSE(-39) source=0 target=1 seq=50 state=WAIT_PEER_POSE(1) retry=0 extra=0
COOP_AVOID TX self=1 cmd=ACK(-34) source=1 target=0 seq=50 state=WAIT_PEER_POSE(1) retry=0 extra=-39
COOP_AVOID STATUS self=1 cmd=UNKNOWN(74) source=1 target=1 seq=0 state=NORMAL(0) retry=0 extra=0
gmapvalue = 0
ix = 893, iy = 920, GMapWidth = 1800, GMapHeight = 1800
target dynamic blocked in lasermap3
fullpath_error=TARGET_DYNAMIC_BLOCKED_LASER(1004)
Target point temporarily blocked by dynamic map, hold and retry.
COOP_AVOID STATUS self=1 cmd=UNKNOWN(74) source=1 target=1 seq=0 state=NORMAL(0) retry=0 extra=257
COOP_AVOID TRIGGER self=1 cmd=POSE_REQUEST(-40) source=1 target=0 seq=51 state=WAIT_PEER_POSE(1) retry=0 extra=1
COOP_AVOID TX self=1 cmd=POSE_REQUEST(-40) source=1 target=0 seq=51 state=WAIT_PEER_POSE(1) retry=0 extra=1
COOP_AVOID RX self=1 cmd=ACK(-34) source=0 target=1 seq=51 state=WAIT_PEER_POSE(1) retry=0 extra=0
COOP_AVOID ACK_MATCH self=1 cmd=POSE_REQUEST(-40) source=0 target=1 seq=51 state=WAIT_PEER_POSE(1) retry=0 extra=0
COOP_AVOID RX self=1 cmd=POSE_RESPONSE(-39) source=0 target=1 seq=51 state=WAIT_PEER_POSE(1) retry=0 extra=0
COOP_AVOID TX self=1 cmd=ACK(-34) source=1 target=0 seq=51 state=WAIT_PEER_POSE(1) retry=0 extra=-39
COOP_AVOID STATUS self=1 cmd=UNKNOWN(74) source=1 target=1 seq=0 state=NORMAL(0) retry=0 extra=0
gmapvalue = 0
ix = 893, iy = 920, GMapWidth = 1800, GMapHeight = 1800
target dynamic blocked in lasermap3
fullpath_error=TARGET_DYNAMIC_BLOCKED_LASER(1004)
Target point temporarily blocked by dynamic map, hold and retry.
COOP_AVOID STATUS self=1 cmd=UNKNOWN(74) source=1 target=1 seq=0 state=NORMAL(0) retry=0 extra=257
COOP_AVOID TRIGGER self=1 cmd=POSE_REQUEST(-40) source=1 target=0 seq=52 state=WAIT_PEER_POSE(1) retry=0 extra=1
COOP_AVOID TX self=1 cmd=POSE_REQUEST(-40) source=1 target=0 seq=52 state=WAIT_PEER_POSE(1) retry=0 extra=1
COOP_AVOID RX self=1 cmd=ACK(-34) source=0 target=1 seq=52 state=WAIT_PEER_POSE(1) retry=0 extra=0
COOP_AVOID ACK_MATCH self=1 cmd=POSE_REQUEST(-40) source=0 target=1 seq=52 state=WAIT_PEER_POSE(1) retry=0 extra=0
COOP_AVOID RX self=1 cmd=POSE_RESPONSE(-39) source=0 target=1 seq=52 state=WAIT_PEER_POSE(1) retry=0 extra=0
COOP_AVOID TX self=1 cmd=ACK(-34) source=1 target=0 seq=52 state=WAIT_PEER_POSE(1) retry=0 extra=-39
COOP_AVOID STATUS self=1 cmd=UNKNOWN(74) source=1 target=1 seq=0 state=NORMAL(0) retry=0 extra=0
gmapvalue = 0
ix = 893, iy = 920, GMapWidth = 1800, GMapHeight = 1800
target dynamic blocked in lasermap3
fullpath_error=TARGET_DYNAMIC_BLOCKED_LASER(1004)
Target point temporarily blocked by dynamic map, hold and retry.
COOP_AVOID STATUS self=1 cmd=UNKNOWN(74) source=1 target=1 seq=0 state=NORMAL(0) retry=0 extra=257
COOP_AVOID TRIGGER self=1 cmd=POSE_REQUEST(-40) source=1 target=0 seq=53 state=WAIT_PEER_POSE(1) retry=0 extra=1
COOP_AVOID TX self=1 cmd=POSE_REQUEST(-40) source=1 target=0 seq=53 state=WAIT_PEER_POSE(1) retry=0 extra=1
COOP_AVOID RX self=1 cmd=ACK(-34) source=0 target=1 seq=53 state=WAIT_PEER_POSE(1) retry=0 extra=0
COOP_AVOID ACK_MATCH self=1 cmd=POSE_REQUEST(-40) source=0 target=1 seq=53 state=WAIT_PEER_POSE(1) retry=0 extra=0
COOP_AVOID RX self=1 cmd=POSE_RESPONSE(-39) source=0 target=1 seq=53 state=WAIT_PEER_POSE(1) retry=0 extra=0
COOP_AVOID TX self=1 cmd=ACK(-34) source=1 target=0 seq=53 state=WAIT_PEER_POSE(1) retry=0 extra=-39
COOP_AVOID STATUS self=1 cmd=UNKNOWN(74) source=1 target=1 seq=0 state=NORMAL(0) retry=0 extra=0
gmapvalue = 0
ix = 893, iy = 920, GMapWidth = 1800, GMapHeight = 1800
target dynamic blocked in lasermap3
fullpath_error=TARGET_DYNAMIC_BLOCKED_LASER(1004)
Target point temporarily blocked by dynamic map, hold and retry.
COOP_AVOID STATUS self=1 cmd=UNKNOWN(74) source=1 target=1 seq=0 state=NORMAL(0) retry=0 extra=257
COOP_AVOID TRIGGER self=1 cmd=POSE_REQUEST(-40) source=1 target=0 seq=54 state=WAIT_PEER_POSE(1) retry=0 extra=1
COOP_AVOID TX self=1 cmd=POSE_REQUEST(-40) source=1 target=0 seq=54 state=WAIT_PEER_POSE(1) retry=0 extra=1
COOP_AVOID RX self=1 cmd=ACK(-34) source=0 target=1 seq=54 state=WAIT_PEER_POSE(1) retry=0 extra=0
COOP_AVOID ACK_MATCH self=1 cmd=POSE_REQUEST(-40) source=0 target=1 seq=54 state=WAIT_PEER_POSE(1) retry=0 extra=0
COOP_AVOID RX self=1 cmd=POSE_RESPONSE(-39) source=0 target=1 seq=54 state=WAIT_PEER_POSE(1) retry=0 extra=0
COOP_AVOID TX self=1 cmd=ACK(-34) source=1 target=0 seq=54 state=WAIT_PEER_POSE(1) retry=0 extra=-39
COOP_AVOID STATUS self=1 cmd=UNKNOWN(74) source=1 target=1 seq=0 state=NORMAL(0) retry=0 extra=0
gmapvalue = 0
ix = 893, iy = 920, GMapWidth = 1800, GMapHeight = 1800
target dynamic blocked in lasermap3
fullpath_error=TARGET_DYNAMIC_BLOCKED_LASER(1004)
Target point temporarily blocked by dynamic map, hold and retry.
COOP_AVOID STATUS self=1 cmd=UNKNOWN(74) source=1 target=1 seq=0 state=NORMAL(0) retry=0 extra=257
COOP_AVOID TRIGGER self=1 cmd=POSE_REQUEST(-40) source=1 target=0 seq=55 state=WAIT_PEER_POSE(1) retry=0 extra=1
COOP_AVOID TX self=1 cmd=POSE_REQUEST(-40) source=1 target=0 seq=55 state=WAIT_PEER_POSE(1) retry=0 extra=1
COOP_AVOID RX self=1 cmd=ACK(-34) source=0 target=1 seq=55 state=WAIT_PEER_POSE(1) retry=0 extra=0
COOP_AVOID ACK_MATCH self=1 cmd=POSE_REQUEST(-40) source=0 target=1 seq=55 state=WAIT_PEER_POSE(1) retry=0 extra=0
COOP_AVOID RX self=1 cmd=POSE_RESPONSE(-39) source=0 target=1 seq=55 state=WAIT_PEER_POSE(1) retry=0 extra=0
COOP_AVOID TX self=1 cmd=ACK(-34) source=1 target=0 seq=55 state=WAIT_PEER_POSE(1) retry=0 extra=-39
COOP_AVOID STATUS self=1 cmd=UNKNOWN(74) source=1 target=1 seq=0 state=NORMAL(0) retry=0 extra=0
gmapvalue = 0
ix = 893, iy = 920, GMapWidth = 1800, GMapHeight = 1800
target dynamic blocked in lasermap3
fullpath_error=TARGET_DYNAMIC_BLOCKED_LASER(1004)
Target point temporarily blocked by dynamic map, hold and retry.
COOP_AVOID STATUS self=1 cmd=UNKNOWN(74) source=1 target=1 seq=0 state=NORMAL(0) retry=0 extra=257
COOP_AVOID TRIGGER self=1 cmd=POSE_REQUEST(-40) source=1 target=0 seq=56 state=WAIT_PEER_POSE(1) retry=0 extra=1
COOP_AVOID TX self=1 cmd=POSE_REQUEST(-40) source=1 target=0 seq=56 state=WAIT_PEER_POSE(1) retry=0 extra=1
COOP_AVOID RX self=1 cmd=ACK(-34) source=0 target=1 seq=56 state=WAIT_PEER_POSE(1) retry=0 extra=0
COOP_AVOID ACK_MATCH self=1 cmd=POSE_REQUEST(-40) source=0 target=1 seq=56 state=WAIT_PEER_POSE(1) retry=0 extra=0
COOP_AVOID RX self=1 cmd=POSE_RESPONSE(-39) source=0 target=1 seq=56 state=WAIT_PEER_POSE(1) retry=0 extra=0
COOP_AVOID TX self=1 cmd=ACK(-34) source=1 target=0 seq=56 state=WAIT_PEER_POSE(1) retry=0 extra=-39
COOP_AVOID STATUS self=1 cmd=UNKNOWN(74) source=1 target=1 seq=0 state=NORMAL(0) retry=0 extra=0
gmapvalue = 0
ix = 893, iy = 920, GMapWidth = 1800, GMapHeight = 1800
target dynamic blocked in lasermap3
fullpath_error=TARGET_DYNAMIC_BLOCKED_LASER(1004)
Target point temporarily blocked by dynamic map, hold and retry.
COOP_AVOID STATUS self=1 cmd=UNKNOWN(74) source=1 target=1 seq=0 state=NORMAL(0) retry=0 extra=257
COOP_AVOID TRIGGER self=1 cmd=POSE_REQUEST(-40) source=1 target=0 seq=57 state=WAIT_PEER_POSE(1) retry=0 extra=1
COOP_AVOID TX self=1 cmd=POSE_REQUEST(-40) source=1 target=0 seq=57 state=WAIT_PEER_POSE(1) retry=0 extra=1
gmapvalue = 0
ix = 893, iy = 920, GMapWidth = 1800, GMapHeight = 1800
target dynamic blocked in lasermap3
fullpath_error=TARGET_DYNAMIC_BLOCKED_LASER(1004)
Target point temporarily blocked by dynamic map, hold and retry.
COOP_AVOID RETRY self=1 cmd=POSE_REQUEST(-40) source=1 target=0 seq=57 state=WAIT_PEER_POSE(1) retry=1 extra=0
COOP_AVOID TX self=1 cmd=POSE_REQUEST(-40) source=1 target=0 seq=57 state=WAIT_PEER_POSE(1) retry=1 extra=1
COOP_AVOID RX self=1 cmd=ACK(-34) source=0 target=1 seq=57 state=WAIT_PEER_POSE(1) retry=0 extra=0
COOP_AVOID ACK_MATCH self=1 cmd=POSE_REQUEST(-40) source=0 target=1 seq=57 state=WAIT_PEER_POSE(1) retry=1 extra=0
COOP_AVOID RX self=1 cmd=POSE_RESPONSE(-39) source=0 target=1 seq=57 state=WAIT_PEER_POSE(1) retry=0 extra=0
COOP_AVOID TX self=1 cmd=ACK(-34) source=1 target=0 seq=57 state=WAIT_PEER_POSE(1) retry=0 extra=-39
COOP_AVOID STATUS self=1 cmd=UNKNOWN(74) source=1 target=1 seq=0 state=NORMAL(0) retry=0 extra=0
COOP_AVOID RX self=1 cmd=ACK(-34) source=0 target=1 seq=57 state=NORMAL(0) retry=0 extra=0
COOP_AVOID ACK_STALE self=1 cmd=POSE_REQUEST(-40) source=0 target=1 seq=57 state=NORMAL(0) retry=0 extra=0
COOP_AVOID RX self=1 cmd=POSE_RESPONSE(-39) source=0 target=1 seq=57 state=NORMAL(0) retry=0 extra=0
COOP_AVOID TX self=1 cmd=ACK(-34) source=1 target=0 seq=57 state=NORMAL(0) retry=0 extra=-39
gmapvalue = 0
ix = 893, iy = 920, GMapWidth = 1800, GMapHeight = 1800
target dynamic blocked in lasermap3
fullpath_error=TARGET_DYNAMIC_BLOCKED_LASER(1004)
Target point temporarily blocked by dynamic map, hold and retry.
COOP_AVOID STATUS self=1 cmd=UNKNOWN(74) source=1 target=1 seq=0 state=NORMAL(0) retry=0 extra=257
COOP_AVOID TRIGGER self=1 cmd=POSE_REQUEST(-40) source=1 target=0 seq=58 state=WAIT_PEER_POSE(1) retry=0 extra=1
COOP_AVOID TX self=1 cmd=POSE_REQUEST(-40) source=1 target=0 seq=58 state=WAIT_PEER_POSE(1) retry=0 extra=1
gmapvalue = 0
ix = 893, iy = 920, GMapWidth = 1800, GMapHeight = 1800
target dynamic blocked in lasermap3
fullpath_error=TARGET_DYNAMIC_BLOCKED_LASER(1004)
Target point temporarily blocked by dynamic map, hold and retry.
COOP_AVOID RETRY self=1 cmd=POSE_REQUEST(-40) source=1 target=0 seq=58 state=WAIT_PEER_POSE(1) retry=1 extra=0
COOP_AVOID TX self=1 cmd=POSE_REQUEST(-40) source=1 target=0 seq=58 state=WAIT_PEER_POSE(1) retry=1 extra=1
gmapvalue = 0
ix = 893, iy = 920, GMapWidth = 1800, GMapHeight = 1800
target dynamic blocked in lasermap3
fullpath_error=TARGET_DYNAMIC_BLOCKED_LASER(1004)
Target point temporarily blocked by dynamic map, hold and retry.
COOP_AVOID RX self=1 cmd=ACK(-34) source=0 target=1 seq=58 state=WAIT_PEER_POSE(1) retry=0 extra=0
COOP_AVOID ACK_MATCH self=1 cmd=POSE_REQUEST(-40) source=0 target=1 seq=58 state=WAIT_PEER_POSE(1) retry=1 extra=0
COOP_AVOID RX self=1 cmd=POSE_RESPONSE(-39) source=0 target=1 seq=58 state=WAIT_PEER_POSE(1) retry=0 extra=0
COOP_AVOID TX self=1 cmd=ACK(-34) source=1 target=0 seq=58 state=WAIT_PEER_POSE(1) retry=0 extra=-39
COOP_AVOID STATUS self=1 cmd=UNKNOWN(74) source=1 target=1 seq=0 state=NORMAL(0) retry=0 extra=0
gmapvalue = 0
ix = 893, iy = 920, GMapWidth = 1800, GMapHeight = 1800
target dynamic blocked in lasermap3
fullpath_error=TARGET_DYNAMIC_BLOCKED_LASER(1004)
Target point temporarily blocked by dynamic map, hold and retry.
COOP_AVOID STATUS self=1 cmd=UNKNOWN(74) source=1 target=1 seq=0 state=NORMAL(0) retry=0 extra=257
COOP_AVOID TRIGGER self=1 cmd=POSE_REQUEST(-40) source=1 target=0 seq=59 state=WAIT_PEER_POSE(1) retry=0 extra=1
COOP_AVOID TX self=1 cmd=POSE_REQUEST(-40) source=1 target=0 seq=59 state=WAIT_PEER_POSE(1) retry=0 extra=1
COOP_AVOID RX self=1 cmd=ACK(-34) source=0 target=1 seq=59 state=WAIT_PEER_POSE(1) retry=0 extra=0
COOP_AVOID ACK_MATCH self=1 cmd=POSE_REQUEST(-40) source=0 target=1 seq=59 state=WAIT_PEER_POSE(1) retry=0 extra=0
COOP_AVOID RX self=1 cmd=POSE_RESPONSE(-39) source=0 target=1 seq=59 state=WAIT_PEER_POSE(1) retry=0 extra=0
COOP_AVOID TX self=1 cmd=ACK(-34) source=1 target=0 seq=59 state=WAIT_PEER_POSE(1) retry=0 extra=-39
COOP_AVOID STATUS self=1 cmd=UNKNOWN(74) source=1 target=1 seq=0 state=NORMAL(0) retry=0 extra=0
gmapvalue = 0
ix = 893, iy = 920, GMapWidth = 1800, GMapHeight = 1800
target dynamic blocked in lasermap3
fullpath_error=TARGET_DYNAMIC_BLOCKED_LASER(1004)
Target point temporarily blocked by dynamic map, hold and retry.
COOP_AVOID STATUS self=1 cmd=UNKNOWN(74) source=1 target=1 seq=0 state=NORMAL(0) retry=0 extra=257
COOP_AVOID TRIGGER self=1 cmd=POSE_REQUEST(-40) source=1 target=0 seq=60 state=WAIT_PEER_POSE(1) retry=0 extra=1
COOP_AVOID TX self=1 cmd=POSE_REQUEST(-40) source=1 target=0 seq=60 state=WAIT_PEER_POSE(1) retry=0 extra=1
gmapvalue = 0
ix = 893, iy = 920, GMapWidth = 1800, GMapHeight = 1800
target dynamic blocked in lasermap3
fullpath_error=TARGET_DYNAMIC_BLOCKED_LASER(1004)
Target point temporarily blocked by dynamic map, hold and retry.
COOP_AVOID RETRY self=1 cmd=POSE_REQUEST(-40) source=1 target=0 seq=60 state=WAIT_PEER_POSE(1) retry=1 extra=0
COOP_AVOID TX self=1 cmd=POSE_REQUEST(-40) source=1 target=0 seq=60 state=WAIT_PEER_POSE(1) retry=1 extra=1
gmapvalue = 0
ix = 893, iy = 920, GMapWidth = 1800, GMapHeight = 1800
target dynamic blocked in lasermap3
fullpath_error=TARGET_DYNAMIC_BLOCKED_LASER(1004)
Target point temporarily blocked by dynamic map, hold and retry.
COOP_AVOID RETRY self=1 cmd=POSE_REQUEST(-40) source=1 target=0 seq=60 state=WAIT_PEER_POSE(1) retry=2 extra=0
COOP_AVOID TX self=1 cmd=POSE_REQUEST(-40) source=1 target=0 seq=60 state=WAIT_PEER_POSE(1) retry=2 extra=1
gmapvalue = 0
ix = 893, iy = 920, GMapWidth = 1800, GMapHeight = 1800
target dynamic blocked in lasermap3
fullpath_error=TARGET_DYNAMIC_BLOCKED_LASER(1004)
Target point temporarily blocked by dynamic map, hold and retry.
COOP_AVOID RETRY self=1 cmd=POSE_REQUEST(-40) source=1 target=0 seq=60 state=WAIT_PEER_POSE(1) retry=3 extra=0
COOP_AVOID TX self=1 cmd=POSE_REQUEST(-40) source=1 target=0 seq=60 state=WAIT_PEER_POSE(1) retry=3 extra=1
gmapvalue = 0
ix = 893, iy = 920, GMapWidth = 1800, GMapHeight = 1800
target dynamic blocked in lasermap3
fullpath_error=TARGET_DYNAMIC_BLOCKED_LASER(1004)
Target point temporarily blocked by dynamic map, hold and retry.
COOP_AVOID RX self=1 cmd=ACK(-34) source=0 target=1 seq=60 state=WAIT_PEER_POSE(1) retry=0 extra=0
COOP_AVOID ACK_MATCH self=1 cmd=POSE_REQUEST(-40) source=0 target=1 seq=60 state=WAIT_PEER_POSE(1) retry=3 extra=0
COOP_AVOID RX self=1 cmd=POSE_RESPONSE(-39) source=0 target=1 seq=60 state=WAIT_PEER_POSE(1) retry=0 extra=0
COOP_AVOID TX self=1 cmd=ACK(-34) source=1 target=0 seq=60 state=WAIT_PEER_POSE(1) retry=0 extra=-39
COOP_AVOID STATUS self=1 cmd=UNKNOWN(74) source=1 target=1 seq=0 state=NORMAL(0) retry=0 extra=0
gmapvalue = 0
ix = 893, iy = 920, GMapWidth = 1800, GMapHeight = 1800
target dynamic blocked in lasermap3
fullpath_error=TARGET_DYNAMIC_BLOCKED_LASER(1004)
Target point temporarily blocked by dynamic map, hold and retry.
COOP_AVOID STATUS self=1 cmd=UNKNOWN(74) source=1 target=1 seq=0 state=NORMAL(0) retry=0 extra=257
COOP_AVOID TRIGGER self=1 cmd=POSE_REQUEST(-40) source=1 target=0 seq=61 state=WAIT_PEER_POSE(1) retry=0 extra=1
COOP_AVOID TX self=1 cmd=POSE_REQUEST(-40) source=1 target=0 seq=61 state=WAIT_PEER_POSE(1) retry=0 extra=1
gmapvalue = 0
ix = 893, iy = 920, GMapWidth = 1800, GMapHeight = 1800
target dynamic blocked in lasermap3
fullpath_error=TARGET_DYNAMIC_BLOCKED_LASER(1004)
Target point temporarily blocked by dynamic map, hold and retry.
COOP_AVOID RETRY self=1 cmd=POSE_REQUEST(-40) source=1 target=0 seq=61 state=WAIT_PEER_POSE(1) retry=1 extra=0
COOP_AVOID TX self=1 cmd=POSE_REQUEST(-40) source=1 target=0 seq=61 state=WAIT_PEER_POSE(1) retry=1 extra=1
COOP_AVOID RX self=1 cmd=ACK(-34) source=0 target=1 seq=61 state=WAIT_PEER_POSE(1) retry=0 extra=0
COOP_AVOID ACK_MATCH self=1 cmd=POSE_REQUEST(-40) source=0 target=1 seq=61 state=WAIT_PEER_POSE(1) retry=1 extra=0
COOP_AVOID RX self=1 cmd=POSE_RESPONSE(-39) source=0 target=1 seq=61 state=WAIT_PEER_POSE(1) retry=0 extra=0
COOP_AVOID TX self=1 cmd=ACK(-34) source=1 target=0 seq=61 state=WAIT_PEER_POSE(1) retry=0 extra=-39
COOP_AVOID STATUS self=1 cmd=UNKNOWN(74) source=1 target=1 seq=0 state=NORMAL(0) retry=0 extra=0
gmapvalue = 0
ix = 893, iy = 920, GMapWidth = 1800, GMapHeight = 1800
target dynamic blocked in lasermap3
fullpath_error=TARGET_DYNAMIC_BLOCKED_LASER(1004)
Target point temporarily blocked by dynamic map, hold and retry.
COOP_AVOID STATUS self=1 cmd=UNKNOWN(74) source=1 target=1 seq=0 state=NORMAL(0) retry=0 extra=257
COOP_AVOID TRIGGER self=1 cmd=POSE_REQUEST(-40) source=1 target=0 seq=62 state=WAIT_PEER_POSE(1) retry=0 extra=1
COOP_AVOID TX self=1 cmd=POSE_REQUEST(-40) source=1 target=0 seq=62 state=WAIT_PEER_POSE(1) retry=0 extra=1
gmapvalue = 0
ix = 893, iy = 920, GMapWidth = 1800, GMapHeight = 1800
target dynamic blocked in lasermap3
fullpath_error=TARGET_DYNAMIC_BLOCKED_LASER(1004)
Target point temporarily blocked by dynamic map, hold and retry.
COOP_AVOID RX self=1 cmd=ACK(-34) source=0 target=1 seq=62 state=WAIT_PEER_POSE(1) retry=0 extra=0
COOP_AVOID ACK_MATCH self=1 cmd=POSE_REQUEST(-40) source=0 target=1 seq=62 state=WAIT_PEER_POSE(1) retry=0 extra=0
COOP_AVOID RX self=1 cmd=POSE_RESPONSE(-39) source=0 target=1 seq=62 state=WAIT_PEER_POSE(1) retry=0 extra=0
COOP_AVOID TX self=1 cmd=ACK(-34) source=1 target=0 seq=62 state=WAIT_PEER_POSE(1) retry=0 extra=-39
COOP_AVOID STATUS self=1 cmd=UNKNOWN(74) source=1 target=1 seq=0 state=NORMAL(0) retry=0 extra=0
gmapvalue = 0
ix = 893, iy = 920, GMapWidth = 1800, GMapHeight = 1800
target dynamic blocked in lasermap3
fullpath_error=TARGET_DYNAMIC_BLOCKED_LASER(1004)
Target point temporarily blocked by dynamic map, hold and retry.
COOP_AVOID STATUS self=1 cmd=UNKNOWN(74) source=1 target=1 seq=0 state=NORMAL(0) retry=0 extra=257
COOP_AVOID TRIGGER self=1 cmd=POSE_REQUEST(-40) source=1 target=0 seq=63 state=WAIT_PEER_POSE(1) retry=0 extra=1
COOP_AVOID TX self=1 cmd=POSE_REQUEST(-40) source=1 target=0 seq=63 state=WAIT_PEER_POSE(1) retry=0 extra=1
COOP_AVOID RX self=1 cmd=ACK(-34) source=0 target=1 seq=63 state=WAIT_PEER_POSE(1) retry=0 extra=0
COOP_AVOID ACK_MATCH self=1 cmd=POSE_REQUEST(-40) source=0 target=1 seq=63 state=WAIT_PEER_POSE(1) retry=0 extra=0
COOP_AVOID RX self=1 cmd=POSE_RESPONSE(-39) source=0 target=1 seq=63 state=WAIT_PEER_POSE(1) retry=0 extra=0
COOP_AVOID TX self=1 cmd=ACK(-34) source=1 target=0 seq=63 state=WAIT_PEER_POSE(1) retry=0 extra=-39
COOP_AVOID STATUS self=1 cmd=UNKNOWN(74) source=1 target=1 seq=0 state=NORMAL(0) retry=0 extra=0
gmapvalue = 0
ix = 893, iy = 920, GMapWidth = 1800, GMapHeight = 1800
target dynamic blocked in lasermap3
fullpath_error=TARGET_DYNAMIC_BLOCKED_LASER(1004)
Target point temporarily blocked by dynamic map, hold and retry.
COOP_AVOID STATUS self=1 cmd=UNKNOWN(74) source=1 target=1 seq=0 state=NORMAL(0) retry=0 extra=257
COOP_AVOID TRIGGER self=1 cmd=POSE_REQUEST(-40) source=1 target=0 seq=64 state=WAIT_PEER_POSE(1) retry=0 extra=1
COOP_AVOID TX self=1 cmd=POSE_REQUEST(-40) source=1 target=0 seq=64 state=WAIT_PEER_POSE(1) retry=0 extra=1
COOP_AVOID RX self=1 cmd=ACK(-34) source=0 target=1 seq=64 state=WAIT_PEER_POSE(1) retry=0 extra=0
COOP_AVOID ACK_MATCH self=1 cmd=POSE_REQUEST(-40) source=0 target=1 seq=64 state=WAIT_PEER_POSE(1) retry=0 extra=0
COOP_AVOID RX self=1 cmd=POSE_RESPONSE(-39) source=0 target=1 seq=64 state=WAIT_PEER_POSE(1) retry=0 extra=0
COOP_AVOID TX self=1 cmd=ACK(-34) source=1 target=0 seq=64 state=WAIT_PEER_POSE(1) retry=0 extra=-39
COOP_AVOID STATUS self=1 cmd=UNKNOWN(74) source=1 target=1 seq=0 state=NORMAL(0) retry=0 extra=0
gmapvalue = 0
ix = 893, iy = 920, GMapWidth = 1800, GMapHeight = 1800
target dynamic blocked in lasermap3
fullpath_error=TARGET_DYNAMIC_BLOCKED_LASER(1004)
Target point temporarily blocked by dynamic map, hold and retry.
COOP_AVOID STATUS self=1 cmd=UNKNOWN(74) source=1 target=1 seq=0 state=NORMAL(0) retry=0 extra=257
COOP_AVOID TRIGGER self=1 cmd=POSE_REQUEST(-40) source=1 target=0 seq=65 state=WAIT_PEER_POSE(1) retry=0 extra=1
COOP_AVOID TX self=1 cmd=POSE_REQUEST(-40) source=1 target=0 seq=65 state=WAIT_PEER_POSE(1) retry=0 extra=1
COOP_AVOID RX self=1 cmd=ACK(-34) source=0 target=1 seq=65 state=WAIT_PEER_POSE(1) retry=0 extra=0
COOP_AVOID ACK_MATCH self=1 cmd=POSE_REQUEST(-40) source=0 target=1 seq=65 state=WAIT_PEER_POSE(1) retry=0 extra=0
COOP_AVOID RX self=1 cmd=POSE_RESPONSE(-39) source=0 target=1 seq=65 state=WAIT_PEER_POSE(1) retry=0 extra=0
COOP_AVOID TX self=1 cmd=ACK(-34) source=1 target=0 seq=65 state=WAIT_PEER_POSE(1) retry=0 extra=-39
COOP_AVOID STATUS self=1 cmd=UNKNOWN(74) source=1 target=1 seq=0 state=NORMAL(0) retry=0 extra=0
gmapvalue = 0
ix = 893, iy = 920, GMapWidth = 1800, GMapHeight = 1800
target dynamic blocked in lasermap3
fullpath_error=TARGET_DYNAMIC_BLOCKED_LASER(1004)
Target point temporarily blocked by dynamic map, hold and retry.
COOP_AVOID STATUS self=1 cmd=UNKNOWN(74) source=1 target=1 seq=0 state=NORMAL(0) retry=0 extra=257
COOP_AVOID TRIGGER self=1 cmd=POSE_REQUEST(-40) source=1 target=0 seq=66 state=WAIT_PEER_POSE(1) retry=0 extra=1
COOP_AVOID TX self=1 cmd=POSE_REQUEST(-40) source=1 target=0 seq=66 state=WAIT_PEER_POSE(1) retry=0 extra=1
COOP_AVOID RX self=1 cmd=ACK(-34) source=0 target=1 seq=66 state=WAIT_PEER_POSE(1) retry=0 extra=0
COOP_AVOID ACK_MATCH self=1 cmd=POSE_REQUEST(-40) source=0 target=1 seq=66 state=WAIT_PEER_POSE(1) retry=0 extra=0
COOP_AVOID RX self=1 cmd=POSE_RESPONSE(-39) source=0 target=1 seq=66 state=WAIT_PEER_POSE(1) retry=0 extra=0
COOP_AVOID TX self=1 cmd=ACK(-34) source=1 target=0 seq=66 state=WAIT_PEER_POSE(1) retry=0 extra=-39
COOP_AVOID STATUS self=1 cmd=UNKNOWN(74) source=1 target=1 seq=0 state=NORMAL(0) retry=0 extra=0
gmapvalue = 0
ix = 893, iy = 920, GMapWidth = 1800, GMapHeight = 1800
target dynamic blocked in lasermap3
fullpath_error=TARGET_DYNAMIC_BLOCKED_LASER(1004)
Target point temporarily blocked by dynamic map, hold and retry.
COOP_AVOID STATUS self=1 cmd=UNKNOWN(74) source=1 target=1 seq=0 state=NORMAL(0) retry=0 extra=257
COOP_AVOID TRIGGER self=1 cmd=POSE_REQUEST(-40) source=1 target=0 seq=67 state=WAIT_PEER_POSE(1) retry=0 extra=1
COOP_AVOID TX self=1 cmd=POSE_REQUEST(-40) source=1 target=0 seq=67 state=WAIT_PEER_POSE(1) retry=0 extra=1
gmapvalue = 0
ix = 893, iy = 920, GMapWidth = 1800, GMapHeight = 1800
target dynamic blocked in lasermap3
fullpath_error=TARGET_DYNAMIC_BLOCKED_LASER(1004)
Target point temporarily blocked by dynamic map, hold and retry.
COOP_AVOID RETRY self=1 cmd=POSE_REQUEST(-40) source=1 target=0 seq=67 state=WAIT_PEER_POSE(1) retry=1 extra=0
COOP_AVOID TX self=1 cmd=POSE_REQUEST(-40) source=1 target=0 seq=67 state=WAIT_PEER_POSE(1) retry=1 extra=1
gmapvalue = 0
ix = 893, iy = 920, GMapWidth = 1800, GMapHeight = 1800
target dynamic blocked in lasermap3
fullpath_error=TARGET_DYNAMIC_BLOCKED_LASER(1004)
Target point temporarily blocked by dynamic map, hold and retry.
COOP_AVOID RETRY self=1 cmd=POSE_REQUEST(-40) source=1 target=0 seq=67 state=WAIT_PEER_POSE(1) retry=2 extra=0
COOP_AVOID TX self=1 cmd=POSE_REQUEST(-40) source=1 target=0 seq=67 state=WAIT_PEER_POSE(1) retry=2 extra=1
COOP_AVOID RX self=1 cmd=ACK(-34) source=0 target=1 seq=67 state=WAIT_PEER_POSE(1) retry=0 extra=0
COOP_AVOID ACK_MATCH self=1 cmd=POSE_REQUEST(-40) source=0 target=1 seq=67 state=WAIT_PEER_POSE(1) retry=2 extra=0
COOP_AVOID RX self=1 cmd=POSE_RESPONSE(-39) source=0 target=1 seq=67 state=WAIT_PEER_POSE(1) retry=0 extra=0
COOP_AVOID TX self=1 cmd=ACK(-34) source=1 target=0 seq=67 state=WAIT_PEER_POSE(1) retry=0 extra=-39
COOP_AVOID STATUS self=1 cmd=UNKNOWN(74) source=1 target=1 seq=0 state=NORMAL(0) retry=0 extra=0
gmapvalue = 0
ix = 893, iy = 920, GMapWidth = 1800, GMapHeight = 1800
target dynamic blocked in lasermap3
fullpath_error=TARGET_DYNAMIC_BLOCKED_LASER(1004)
Target point temporarily blocked by dynamic map, hold and retry.
COOP_AVOID STATUS self=1 cmd=UNKNOWN(74) source=1 target=1 seq=0 state=NORMAL(0) retry=0 extra=257
COOP_AVOID TRIGGER self=1 cmd=POSE_REQUEST(-40) source=1 target=0 seq=68 state=WAIT_PEER_POSE(1) retry=0 extra=1
COOP_AVOID TX self=1 cmd=POSE_REQUEST(-40) source=1 target=0 seq=68 state=WAIT_PEER_POSE(1) retry=0 extra=1
COOP_AVOID RX self=1 cmd=ACK(-34) source=0 target=1 seq=68 state=WAIT_PEER_POSE(1) retry=0 extra=0
COOP_AVOID ACK_MATCH self=1 cmd=POSE_REQUEST(-40) source=0 target=1 seq=68 state=WAIT_PEER_POSE(1) retry=0 extra=0
COOP_AVOID RX self=1 cmd=POSE_RESPONSE(-39) source=0 target=1 seq=68 state=WAIT_PEER_POSE(1) retry=0 extra=0
COOP_AVOID TX self=1 cmd=ACK(-34) source=1 target=0 seq=68 state=WAIT_PEER_POSE(1) retry=0 extra=-39
COOP_AVOID STATUS self=1 cmd=UNKNOWN(74) source=1 target=1 seq=0 state=NORMAL(0) retry=0 extra=0
gmapvalue = 0
ix = 893, iy = 920, GMapWidth = 1800, GMapHeight = 1800
target dynamic blocked in lasermap3
fullpath_error=TARGET_DYNAMIC_BLOCKED_LASER(1004)
Target point temporarily blocked by dynamic map, hold and retry.
COOP_AVOID STATUS self=1 cmd=UNKNOWN(74) source=1 target=1 seq=0 state=NORMAL(0) retry=0 extra=257
COOP_AVOID TRIGGER self=1 cmd=POSE_REQUEST(-40) source=1 target=0 seq=69 state=WAIT_PEER_POSE(1) retry=0 extra=1
COOP_AVOID TX self=1 cmd=POSE_REQUEST(-40) source=1 target=0 seq=69 state=WAIT_PEER_POSE(1) retry=0 extra=1
gmapvalue = 0
ix = 893, iy = 920, GMapWidth = 1800, GMapHeight = 1800
target dynamic blocked in lasermap3
fullpath_error=TARGET_DYNAMIC_BLOCKED_LASER(1004)
Target point temporarily blocked by dynamic map, hold and retry.
COOP_AVOID RETRY self=1 cmd=POSE_REQUEST(-40) source=1 target=0 seq=69 state=WAIT_PEER_POSE(1) retry=1 extra=0
COOP_AVOID TX self=1 cmd=POSE_REQUEST(-40) source=1 target=0 seq=69 state=WAIT_PEER_POSE(1) retry=1 extra=1
COOP_AVOID RX self=1 cmd=ACK(-34) source=0 target=1 seq=69 state=WAIT_PEER_POSE(1) retry=0 extra=0
COOP_AVOID ACK_MATCH self=1 cmd=POSE_REQUEST(-40) source=0 target=1 seq=69 state=WAIT_PEER_POSE(1) retry=1 extra=0
COOP_AVOID RX self=1 cmd=POSE_RESPONSE(-39) source=0 target=1 seq=69 state=WAIT_PEER_POSE(1) retry=0 extra=0
COOP_AVOID TX self=1 cmd=ACK(-34) source=1 target=0 seq=69 state=WAIT_PEER_POSE(1) retry=0 extra=-39
COOP_AVOID STATUS self=1 cmd=UNKNOWN(74) source=1 target=1 seq=0 state=NORMAL(0) retry=0 extra=0
gmapvalue = 0
ix = 893, iy = 920, GMapWidth = 1800, GMapHeight = 1800
target dynamic blocked in lasermap3
fullpath_error=TARGET_DYNAMIC_BLOCKED_LASER(1004)
Target point temporarily blocked by dynamic map, hold and retry.
COOP_AVOID RETRY self=1 cmd=POSE_REQUEST(-40) source=1 target=0 seq=70 state=WAIT_PEER_POSE(1) retry=1 extra=0
COOP_AVOID STATUS self=1 cmd=UNKNOWN(74) source=1 target=1 seq=0 state=NORMAL(0) retry=0 extra=257
COOP_AVOID TX self=1 cmd=POSE_REQUEST(-40) source=1 target=0 seq=70 state=WAIT_PEER_POSE(1) retry=1 extra=1
COOP_AVOID TRIGGER self=1 cmd=POSE_REQUEST(-40) source=1 target=0 seq=70 state=WAIT_PEER_POSE(1) retry=0 extra=1
COOP_AVOID TX self=1 cmd=POSE_REQUEST(-40) source=1 target=0 seq=70 state=WAIT_PEER_POSE(1) retry=1 extra=1
COOP_AVOID RX self=1 cmd=ACK(-34) source=0 target=1 seq=70 state=WAIT_PEER_POSE(1) retry=0 extra=0
COOP_AVOID ACK_MATCH self=1 cmd=POSE_REQUEST(-40) source=0 target=1 seq=70 state=WAIT_PEER_POSE(1) retry=1 extra=0
COOP_AVOID RX self=1 cmd=POSE_RESPONSE(-39) source=0 target=1 seq=70 state=WAIT_PEER_POSE(1) retry=0 extra=0
COOP_AVOID TX self=1 cmd=ACK(-34) source=1 target=0 seq=70 state=WAIT_PEER_POSE(1) retry=0 extra=-39
COOP_AVOID STATUS self=1 cmd=UNKNOWN(74) source=1 target=1 seq=0 state=NORMAL(0) retry=0 extra=0
gmapvalue = 0
ix = 893, iy = 920, GMapWidth = 1800, GMapHeight = 1800
target dynamic blocked in lasermap3
fullpath_error=TARGET_DYNAMIC_BLOCKED_LASER(1004)
Target point temporarily blocked by dynamic map, hold and retry.
COOP_AVOID STATUS self=1 cmd=UNKNOWN(74) source=1 target=1 seq=0 state=NORMAL(0) retry=0 extra=257
COOP_AVOID TRIGGER self=1 cmd=POSE_REQUEST(-40) source=1 target=0 seq=71 state=WAIT_PEER_POSE(1) retry=0 extra=1
COOP_AVOID TX self=1 cmd=POSE_REQUEST(-40) source=1 target=0 seq=71 state=WAIT_PEER_POSE(1) retry=0 extra=1
COOP_AVOID RX self=1 cmd=ACK(-34) source=0 target=1 seq=71 state=WAIT_PEER_POSE(1) retry=0 extra=0
COOP_AVOID ACK_MATCH self=1 cmd=POSE_REQUEST(-40) source=0 target=1 seq=71 state=WAIT_PEER_POSE(1) retry=0 extra=0
COOP_AVOID RX self=1 cmd=POSE_RESPONSE(-39) source=0 target=1 seq=71 state=WAIT_PEER_POSE(1) retry=0 extra=0
COOP_AVOID TX self=1 cmd=ACK(-34) source=1 target=0 seq=71 state=WAIT_PEER_POSE(1) retry=0 extra=-39
COOP_AVOID STATUS self=1 cmd=UNKNOWN(74) source=1 target=1 seq=0 state=NORMAL(0) retry=0 extra=0
gmapvalue = 0
ix = 893, iy = 920, GMapWidth = 1800, GMapHeight = 1800
target dynamic blocked in lasermap3
fullpath_error=TARGET_DYNAMIC_BLOCKED_LASER(1004)
Target point temporarily blocked by dynamic map, hold and retry.
COOP_AVOID STATUS self=1 cmd=UNKNOWN(74) source=1 target=1 seq=0 state=NORMAL(0) retry=0 extra=257
COOP_AVOID TRIGGER self=1 cmd=POSE_REQUEST(-40) source=1 target=0 seq=72 state=WAIT_PEER_POSE(1) retry=0 extra=1
COOP_AVOID TX self=1 cmd=POSE_REQUEST(-40) source=1 target=0 seq=72 state=WAIT_PEER_POSE(1) retry=0 extra=1
COOP_AVOID RX self=1 cmd=ACK(-34) source=0 target=1 seq=72 state=WAIT_PEER_POSE(1) retry=0 extra=0
COOP_AVOID ACK_MATCH self=1 cmd=POSE_REQUEST(-40) source=0 target=1 seq=72 state=WAIT_PEER_POSE(1) retry=0 extra=0
COOP_AVOID RX self=1 cmd=POSE_RESPONSE(-39) source=0 target=1 seq=72 state=WAIT_PEER_POSE(1) retry=0 extra=0
COOP_AVOID TX self=1 cmd=ACK(-34) source=1 target=0 seq=72 state=WAIT_PEER_POSE(1) retry=0 extra=-39
COOP_AVOID STATUS self=1 cmd=UNKNOWN(74) source=1 target=1 seq=0 state=NORMAL(0) retry=0 extra=0
gmapvalue = 0
ix = 893, iy = 920, GMapWidth = 1800, GMapHeight = 1800
target dynamic blocked in lasermap3
fullpath_error=TARGET_DYNAMIC_BLOCKED_LASER(1004)
Target point temporarily blocked by dynamic map, hold and retry.
COOP_AVOID STATUS self=1 cmd=UNKNOWN(74) source=1 target=1 seq=0 state=NORMAL(0) retry=0 extra=257
COOP_AVOID TRIGGER self=1 cmd=POSE_REQUEST(-40) source=1 target=0 seq=73 state=WAIT_PEER_POSE(1) retry=0 extra=1
COOP_AVOID TX self=1 cmd=POSE_REQUEST(-40) source=1 target=0 seq=73 state=WAIT_PEER_POSE(1) retry=0 extra=1
COOP_AVOID RX self=1 cmd=ACK(-34) source=0 target=1 seq=73 state=WAIT_PEER_POSE(1) retry=0 extra=0
COOP_AVOID ACK_MATCH self=1 cmd=POSE_REQUEST(-40) source=0 target=1 seq=73 state=WAIT_PEER_POSE(1) retry=0 extra=0
COOP_AVOID RX self=1 cmd=POSE_RESPONSE(-39) source=0 target=1 seq=73 state=WAIT_PEER_POSE(1) retry=0 extra=0
COOP_AVOID TX self=1 cmd=ACK(-34) source=1 target=0 seq=73 state=WAIT_PEER_POSE(1) retry=0 extra=-39
COOP_AVOID STATUS self=1 cmd=UNKNOWN(74) source=1 target=1 seq=0 state=NORMAL(0) retry=0 extra=0
gmapvalue = 0
ix = 893, iy = 920, GMapWidth = 1800, GMapHeight = 1800
target dynamic blocked in lasermap3
fullpath_error=TARGET_DYNAMIC_BLOCKED_LASER(1004)
Target point temporarily blocked by dynamic map, hold and retry.
COOP_AVOID STATUS self=1 cmd=UNKNOWN(74) source=1 target=1 seq=0 state=NORMAL(0) retry=0 extra=257
COOP_AVOID TRIGGER self=1 cmd=POSE_REQUEST(-40) source=1 target=0 seq=74 state=WAIT_PEER_POSE(1) retry=0 extra=1
COOP_AVOID TX self=1 cmd=POSE_REQUEST(-40) source=1 target=0 seq=74 state=WAIT_PEER_POSE(1) retry=0 extra=1
COOP_AVOID RX self=1 cmd=ACK(-34) source=0 target=1 seq=74 state=WAIT_PEER_POSE(1) retry=0 extra=0
COOP_AVOID ACK_MATCH self=1 cmd=POSE_REQUEST(-40) source=0 target=1 seq=74 state=WAIT_PEER_POSE(1) retry=0 extra=0
COOP_AVOID RX self=1 cmd=POSE_RESPONSE(-39) source=0 target=1 seq=74 state=WAIT_PEER_POSE(1) retry=0 extra=0
COOP_AVOID TX self=1 cmd=ACK(-34) source=1 target=0 seq=74 state=WAIT_PEER_POSE(1) retry=0 extra=-39
COOP_AVOID STATUS self=1 cmd=UNKNOWN(74) source=1 target=1 seq=0 state=NORMAL(0) retry=0 extra=0
gmapvalue = 0
ix = 893, iy = 920, GMapWidth = 1800, GMapHeight = 1800
target dynamic blocked in lasermap3
fullpath_error=TARGET_DYNAMIC_BLOCKED_LASER(1004)
Target point temporarily blocked by dynamic map, hold and retry.
COOP_AVOID STATUS self=1 cmd=UNKNOWN(74) source=1 target=1 seq=0 state=NORMAL(0) retry=0 extra=257
COOP_AVOID TRIGGER self=1 cmd=POSE_REQUEST(-40) source=1 target=0 seq=75 state=WAIT_PEER_POSE(1) retry=0 extra=1
COOP_AVOID TX self=1 cmd=POSE_REQUEST(-40) source=1 target=0 seq=75 state=WAIT_PEER_POSE(1) retry=0 extra=1
gmapvalue = 0
ix = 893, iy = 920, GMapWidth = 1800, GMapHeight = 1800
target dynamic blocked in lasermap3
fullpath_error=TARGET_DYNAMIC_BLOCKED_LASER(1004)
Target point temporarily blocked by dynamic map, hold and retry.
COOP_AVOID RETRY self=1 cmd=POSE_REQUEST(-40) source=1 target=0 seq=75 state=WAIT_PEER_POSE(1) retry=1 extra=0
COOP_AVOID TX self=1 cmd=POSE_REQUEST(-40) source=1 target=0 seq=75 state=WAIT_PEER_POSE(1) retry=1 extra=1
COOP_AVOID RX self=1 cmd=ACK(-34) source=0 target=1 seq=75 state=WAIT_PEER_POSE(1) retry=0 extra=0
COOP_AVOID ACK_MATCH self=1 cmd=POSE_REQUEST(-40) source=0 target=1 seq=75 state=WAIT_PEER_POSE(1) retry=1 extra=0
COOP_AVOID RX self=1 cmd=POSE_RESPONSE(-39) source=0 target=1 seq=75 state=WAIT_PEER_POSE(1) retry=0 extra=0
COOP_AVOID TX self=1 cmd=ACK(-34) source=1 target=0 seq=75 state=WAIT_PEER_POSE(1) retry=0 extra=-39
COOP_AVOID STATUS self=1 cmd=UNKNOWN(74) source=1 target=1 seq=0 state=NORMAL(0) retry=0 extra=0
gmapvalue = 0
ix = 893, iy = 920, GMapWidth = 1800, GMapHeight = 1800
target dynamic blocked in lasermap3
fullpath_error=TARGET_DYNAMIC_BLOCKED_LASER(1004)
Target point temporarily blocked by dynamic map, hold and retry.
COOP_AVOID STATUS self=1 cmd=UNKNOWN(74) source=1 target=1 seq=0 state=NORMAL(0) retry=0 extra=257
COOP_AVOID TRIGGER self=1 cmd=POSE_REQUEST(-40) source=1 target=0 seq=76 state=WAIT_PEER_POSE(1) retry=0 extra=1
COOP_AVOID TX self=1 cmd=POSE_REQUEST(-40) source=1 target=0 seq=76 state=WAIT_PEER_POSE(1) retry=0 extra=1
COOP_AVOID RX self=1 cmd=ACK(-34) source=0 target=1 seq=76 state=WAIT_PEER_POSE(1) retry=0 extra=0
COOP_AVOID ACK_MATCH self=1 cmd=POSE_REQUEST(-40) source=0 target=1 seq=76 state=WAIT_PEER_POSE(1) retry=0 extra=0
COOP_AVOID RX self=1 cmd=POSE_RESPONSE(-39) source=0 target=1 seq=76 state=WAIT_PEER_POSE(1) retry=0 extra=0
COOP_AVOID TX self=1 cmd=ACK(-34) source=1 target=0 seq=76 state=WAIT_PEER_POSE(1) retry=0 extra=-39
COOP_AVOID STATUS self=1 cmd=UNKNOWN(74) source=1 target=1 seq=0 state=NORMAL(0) retry=0 extra=0
gmapvalue = 0
ix = 893, iy = 920, GMapWidth = 1800, GMapHeight = 1800
target dynamic blocked in lasermap3
fullpath_error=TARGET_DYNAMIC_BLOCKED_LASER(1004)
Target point temporarily blocked by dynamic map, hold and retry.
COOP_AVOID STATUS self=1 cmd=UNKNOWN(74) source=1 target=1 seq=0 state=NORMAL(0) retry=0 extra=257
COOP_AVOID TRIGGER self=1 cmd=POSE_REQUEST(-40) source=1 target=0 seq=77 state=WAIT_PEER_POSE(1) retry=0 extra=1
COOP_AVOID TX self=1 cmd=POSE_REQUEST(-40) source=1 target=0 seq=77 state=WAIT_PEER_POSE(1) retry=0 extra=1
COOP_AVOID RX self=1 cmd=ACK(-34) source=0 target=1 seq=77 state=WAIT_PEER_POSE(1) retry=0 extra=0
COOP_AVOID ACK_MATCH self=1 cmd=POSE_REQUEST(-40) source=0 target=1 seq=77 state=WAIT_PEER_POSE(1) retry=0 extra=0
COOP_AVOID RX self=1 cmd=POSE_RESPONSE(-39) source=0 target=1 seq=77 state=WAIT_PEER_POSE(1) retry=0 extra=0
COOP_AVOID TX self=1 cmd=ACK(-34) source=1 target=0 seq=77 state=WAIT_PEER_POSE(1) retry=0 extra=-39
COOP_AVOID STATUS self=1 cmd=UNKNOWN(74) source=1 target=1 seq=0 state=NORMAL(0) retry=0 extra=0
gmapvalue = 0
ix = 893, iy = 920, GMapWidth = 1800, GMapHeight = 1800
target dynamic blocked in lasermap3
fullpath_error=TARGET_DYNAMIC_BLOCKED_LASER(1004)
Target point temporarily blocked by dynamic map, hold and retry.
COOP_AVOID STATUS self=1 cmd=UNKNOWN(74) source=1 target=1 seq=0 state=NORMAL(0) retry=0 extra=257
COOP_AVOID TRIGGER self=1 cmd=POSE_REQUEST(-40) source=1 target=0 seq=78 state=WAIT_PEER_POSE(1) retry=0 extra=1
COOP_AVOID TX self=1 cmd=POSE_REQUEST(-40) source=1 target=0 seq=78 state=WAIT_PEER_POSE(1) retry=0 extra=1
COOP_AVOID RX self=1 cmd=ACK(-34) source=0 target=1 seq=78 state=WAIT_PEER_POSE(1) retry=0 extra=0
COOP_AVOID ACK_MATCH self=1 cmd=POSE_REQUEST(-40) source=0 target=1 seq=78 state=WAIT_PEER_POSE(1) retry=0 extra=0
COOP_AVOID RX self=1 cmd=POSE_RESPONSE(-39) source=0 target=1 seq=78 state=WAIT_PEER_POSE(1) retry=0 extra=0
COOP_AVOID TX self=1 cmd=ACK(-34) source=1 target=0 seq=78 state=WAIT_PEER_POSE(1) retry=0 extra=-39
COOP_AVOID STATUS self=1 cmd=UNKNOWN(74) source=1 target=1 seq=0 state=NORMAL(0) retry=0 extra=0
gmapvalue = 0
ix = 893, iy = 920, GMapWidth = 1800, GMapHeight = 1800
target dynamic blocked in lasermap3
fullpath_error=TARGET_DYNAMIC_BLOCKED_LASER(1004)
Target point temporarily blocked by dynamic map, hold and retry.
COOP_AVOID STATUS self=1 cmd=UNKNOWN(74) source=1 target=1 seq=0 state=NORMAL(0) retry=0 extra=257
COOP_AVOID TRIGGER self=1 cmd=POSE_REQUEST(-40) source=1 target=0 seq=79 state=WAIT_PEER_POSE(1) retry=0 extra=1
COOP_AVOID TX self=1 cmd=POSE_REQUEST(-40) source=1 target=0 seq=79 state=WAIT_PEER_POSE(1) retry=0 extra=1
gmapvalue = 0
ix = 893, iy = 920, GMapWidth = 1800, GMapHeight = 1800
target dynamic blocked in lasermap3
fullpath_error=TARGET_DYNAMIC_BLOCKED_LASER(1004)
Target point temporarily blocked by dynamic map, hold and retry.
COOP_AVOID RETRY self=1 cmd=POSE_REQUEST(-40) source=1 target=0 seq=79 state=WAIT_PEER_POSE(1) retry=1 extra=0
COOP_AVOID TX self=1 cmd=POSE_REQUEST(-40) source=1 target=0 seq=79 state=WAIT_PEER_POSE(1) retry=1 extra=1
COOP_AVOID RX self=1 cmd=ACK(-34) source=0 target=1 seq=79 state=WAIT_PEER_POSE(1) retry=0 extra=0
COOP_AVOID ACK_MATCH self=1 cmd=POSE_REQUEST(-40) source=0 target=1 seq=79 state=WAIT_PEER_POSE(1) retry=1 extra=0
COOP_AVOID RX self=1 cmd=POSE_RESPONSE(-39) source=0 target=1 seq=79 state=WAIT_PEER_POSE(1) retry=0 extra=0
COOP_AVOID TX self=1 cmd=ACK(-34) source=1 target=0 seq=79 state=WAIT_PEER_POSE(1) retry=0 extra=-39
COOP_AVOID STATUS self=1 cmd=UNKNOWN(74) source=1 target=1 seq=0 state=NORMAL(0) retry=0 extra=0
gmapvalue = 0
ix = 893, iy = 920, GMapWidth = 1800, GMapHeight = 1800
target dynamic blocked in lasermap3
fullpath_error=TARGET_DYNAMIC_BLOCKED_LASER(1004)
Target point temporarily blocked by dynamic map, hold and retry.
COOP_AVOID STATUS self=1 cmd=UNKNOWN(74) source=1 target=1 seq=0 state=NORMAL(0) retry=0 extra=257
COOP_AVOID TRIGGER self=1 cmd=POSE_REQUEST(-40) source=1 target=0 seq=80 state=WAIT_PEER_POSE(1) retry=0 extra=1
COOP_AVOID TX self=1 cmd=POSE_REQUEST(-40) source=1 target=0 seq=80 state=WAIT_PEER_POSE(1) retry=0 extra=1
COOP_AVOID RX self=1 cmd=ACK(-34) source=0 target=1 seq=80 state=WAIT_PEER_POSE(1) retry=0 extra=0
COOP_AVOID ACK_MATCH self=1 cmd=POSE_REQUEST(-40) source=0 target=1 seq=80 state=WAIT_PEER_POSE(1) retry=0 extra=0
COOP_AVOID RX self=1 cmd=POSE_RESPONSE(-39) source=0 target=1 seq=80 state=WAIT_PEER_POSE(1) retry=0 extra=0
COOP_AVOID TX self=1 cmd=ACK(-34) source=1 target=0 seq=80 state=WAIT_PEER_POSE(1) retry=0 extra=-39
COOP_AVOID STATUS self=1 cmd=UNKNOWN(74) source=1 target=1 seq=0 state=NORMAL(0) retry=0 extra=0
gmapvalue = 0
ix = 893, iy = 920, GMapWidth = 1800, GMapHeight = 1800
target dynamic blocked in lasermap3
fullpath_error=TARGET_DYNAMIC_BLOCKED_LASER(1004)
Target point temporarily blocked by dynamic map, hold and retry.
COOP_AVOID RETRY self=1 cmd=POSE_REQUEST(-40) source=1 target=0 seq=81 state=WAIT_PEER_POSE(1) retry=1 extra=0
COOP_AVOID STATUS self=1 cmd=UNKNOWN(74) source=1 target=1 seq=0 state=NORMAL(0) retry=0 extra=257
COOP_AVOID TRIGGER self=1 cmd=POSE_REQUEST(-40) source=1 target=0 seq=81 state=WAIT_PEER_POSE(1) retry=0 extra=1
COOP_AVOID TX self=1 cmd=POSE_REQUEST(-40) source=1 target=0 seq=81 state=WAIT_PEER_POSE(1) retry=1 extra=1
COOP_AVOID TX self=1 cmd=POSE_REQUEST(-40) source=1 target=0 seq=81 state=WAIT_PEER_POSE(1) retry=1 extra=1
COOP_AVOID RX self=1 cmd=ACK(-34) source=0 target=1 seq=81 state=WAIT_PEER_POSE(1) retry=0 extra=0
COOP_AVOID ACK_MATCH self=1 cmd=POSE_REQUEST(-40) source=0 target=1 seq=81 state=WAIT_PEER_POSE(1) retry=1 extra=0
COOP_AVOID RX self=1 cmd=POSE_RESPONSE(-39) source=0 target=1 seq=81 state=WAIT_PEER_POSE(1) retry=0 extra=0
COOP_AVOID TX self=1 cmd=ACK(-34) source=1 target=0 seq=81 state=WAIT_PEER_POSE(1) retry=0 extra=-39
COOP_AVOID STATUS self=1 cmd=UNKNOWN(74) source=1 target=1 seq=0 state=NORMAL(0) retry=0 extra=0
COOP_AVOID RX self=1 cmd=ACK(-34) source=0 target=1 seq=81 state=NORMAL(0) retry=0 extra=0
COOP_AVOID ACK_STALE self=1 cmd=POSE_REQUEST(-40) source=0 target=1 seq=81 state=NORMAL(0) retry=0 extra=0
COOP_AVOID RX self=1 cmd=POSE_RESPONSE(-39) source=0 target=1 seq=81 state=NORMAL(0) retry=0 extra=0
COOP_AVOID TX self=1 cmd=ACK(-34) source=1 target=0 seq=81 state=NORMAL(0) retry=0 extra=-39
gmapvalue = 0
ix = 893, iy = 920, GMapWidth = 1800, GMapHeight = 1800
target dynamic blocked in lasermap3
fullpath_error=TARGET_DYNAMIC_BLOCKED_LASER(1004)
Target point temporarily blocked by dynamic map, hold and retry.
COOP_AVOID STATUS self=1 cmd=UNKNOWN(74) source=1 target=1 seq=0 state=NORMAL(0) retry=0 extra=257
COOP_AVOID TRIGGER self=1 cmd=POSE_REQUEST(-40) source=1 target=0 seq=82 state=WAIT_PEER_POSE(1) retry=0 extra=1
COOP_AVOID TX self=1 cmd=POSE_REQUEST(-40) source=1 target=0 seq=82 state=WAIT_PEER_POSE(1) retry=0 extra=1
COOP_AVOID RX self=1 cmd=ACK(-34) source=0 target=1 seq=82 state=WAIT_PEER_POSE(1) retry=0 extra=0
COOP_AVOID ACK_MATCH self=1 cmd=POSE_REQUEST(-40) source=0 target=1 seq=82 state=WAIT_PEER_POSE(1) retry=0 extra=0
COOP_AVOID RX self=1 cmd=POSE_RESPONSE(-39) source=0 target=1 seq=82 state=WAIT_PEER_POSE(1) retry=0 extra=0
COOP_AVOID TX self=1 cmd=ACK(-34) source=1 target=0 seq=82 state=WAIT_PEER_POSE(1) retry=0 extra=-39
COOP_AVOID STATUS self=1 cmd=UNKNOWN(74) source=1 target=1 seq=0 state=NORMAL(0) retry=0 extra=0
gmapvalue = 0
ix = 893, iy = 920, GMapWidth = 1800, GMapHeight = 1800
target dynamic blocked in lasermap3
fullpath_error=TARGET_DYNAMIC_BLOCKED_LASER(1004)
Target point temporarily blocked by dynamic map, hold and retry.
COOP_AVOID STATUS self=1 cmd=UNKNOWN(74) source=1 target=1 seq=0 state=NORMAL(0) retry=0 extra=257
COOP_AVOID TRIGGER self=1 cmd=POSE_REQUEST(-40) source=1 target=0 seq=83 state=WAIT_PEER_POSE(1) retry=0 extra=1
COOP_AVOID TX self=1 cmd=POSE_REQUEST(-40) source=1 target=0 seq=83 state=WAIT_PEER_POSE(1) retry=0 extra=1
gmapvalue = 0
ix = 893, iy = 920, GMapWidth = 1800, GMapHeight = 1800
target dynamic blocked in lasermap3
fullpath_error=TARGET_DYNAMIC_BLOCKED_LASER(1004)
Target point temporarily blocked by dynamic map, hold and retry.
COOP_AVOID RX self=1 cmd=ACK(-34) source=0 target=1 seq=83 state=WAIT_PEER_POSE(1) retry=0 extra=0
COOP_AVOID ACK_MATCH self=1 cmd=POSE_REQUEST(-40) source=0 target=1 seq=83 state=WAIT_PEER_POSE(1) retry=0 extra=0
COOP_AVOID RX self=1 cmd=POSE_RESPONSE(-39) source=0 target=1 seq=83 state=WAIT_PEER_POSE(1) retry=0 extra=0
COOP_AVOID TX self=1 cmd=ACK(-34) source=1 target=0 seq=83 state=WAIT_PEER_POSE(1) retry=0 extra=-39
COOP_AVOID STATUS self=1 cmd=UNKNOWN(74) source=1 target=1 seq=0 state=NORMAL(0) retry=0 extra=0
gmapvalue = 0
ix = 893, iy = 920, GMapWidth = 1800, GMapHeight = 1800
target dynamic blocked in lasermap3
fullpath_error=TARGET_DYNAMIC_BLOCKED_LASER(1004)
Target point temporarily blocked by dynamic map, hold and retry.
COOP_AVOID RETRY self=1 cmd=POSE_REQUEST(-40) source=1 target=0 seq=84 state=WAIT_PEER_POSE(1) retry=1 extra=0
COOP_AVOID STATUS self=1 cmd=UNKNOWN(74) source=1 target=1 seq=0 state=NORMAL(0) retry=0 extra=257
COOP_AVOID TRIGGER self=1 cmd=POSE_REQUEST(-40) source=1 target=0 seq=84 state=WAIT_PEER_POSE(1) retry=0 extra=1
COOP_AVOID TX self=1 cmd=POSE_REQUEST(-40) source=1 target=0 seq=84 state=WAIT_PEER_POSE(1) retry=1 extra=1
COOP_AVOID TX self=1 cmd=POSE_REQUEST(-40) source=1 target=0 seq=84 state=WAIT_PEER_POSE(1) retry=1 extra=1
COOP_AVOID RX self=1 cmd=ACK(-34) source=0 target=1 seq=84 state=WAIT_PEER_POSE(1) retry=0 extra=0
COOP_AVOID ACK_MATCH self=1 cmd=POSE_REQUEST(-40) source=0 target=1 seq=84 state=WAIT_PEER_POSE(1) retry=1 extra=0
COOP_AVOID RX self=1 cmd=POSE_RESPONSE(-39) source=0 target=1 seq=84 state=WAIT_PEER_POSE(1) retry=0 extra=0
COOP_AVOID TX self=1 cmd=ACK(-34) source=1 target=0 seq=84 state=WAIT_PEER_POSE(1) retry=0 extra=-39
COOP_AVOID STATUS self=1 cmd=UNKNOWN(74) source=1 target=1 seq=0 state=NORMAL(0) retry=0 extra=0
COOP_AVOID RX self=1 cmd=ACK(-34) source=0 target=1 seq=84 state=NORMAL(0) retry=0 extra=0
COOP_AVOID ACK_STALE self=1 cmd=POSE_REQUEST(-40) source=0 target=1 seq=84 state=NORMAL(0) retry=0 extra=0
COOP_AVOID RX self=1 cmd=POSE_RESPONSE(-39) source=0 target=1 seq=84 state=NORMAL(0) retry=0 extra=0
COOP_AVOID TX self=1 cmd=ACK(-34) source=1 target=0 seq=84 state=NORMAL(0) retry=0 extra=-39
gmapvalue = 0
ix = 893, iy = 920, GMapWidth = 1800, GMapHeight = 1800
target dynamic blocked in lasermap3
fullpath_error=TARGET_DYNAMIC_BLOCKED_LASER(1004)
Target point temporarily blocked by dynamic map, hold and retry.
COOP_AVOID STATUS self=1 cmd=UNKNOWN(74) source=1 target=1 seq=0 state=NORMAL(0) retry=0 extra=257
COOP_AVOID TRIGGER self=1 cmd=POSE_REQUEST(-40) source=1 target=0 seq=85 state=WAIT_PEER_POSE(1) retry=0 extra=1
COOP_AVOID TX self=1 cmd=POSE_REQUEST(-40) source=1 target=0 seq=85 state=WAIT_PEER_POSE(1) retry=0 extra=1
COOP_AVOID RX self=1 cmd=ACK(-34) source=0 target=1 seq=85 state=WAIT_PEER_POSE(1) retry=0 extra=0
COOP_AVOID ACK_MATCH self=1 cmd=POSE_REQUEST(-40) source=0 target=1 seq=85 state=WAIT_PEER_POSE(1) retry=0 extra=0
COOP_AVOID RX self=1 cmd=POSE_RESPONSE(-39) source=0 target=1 seq=85 state=WAIT_PEER_POSE(1) retry=0 extra=0
COOP_AVOID TX self=1 cmd=ACK(-34) source=1 target=0 seq=85 state=WAIT_PEER_POSE(1) retry=0 extra=-39
COOP_AVOID STATUS self=1 cmd=UNKNOWN(74) source=1 target=1 seq=0 state=NORMAL(0) retry=0 extra=0
gmapvalue = 0
ix = 893, iy = 920, GMapWidth = 1800, GMapHeight = 1800
target dynamic blocked in lasermap3
fullpath_error=TARGET_DYNAMIC_BLOCKED_LASER(1004)
Target point temporarily blocked by dynamic map, hold and retry.
COOP_AVOID STATUS self=1 cmd=UNKNOWN(74) source=1 target=1 seq=0 state=NORMAL(0) retry=0 extra=257
COOP_AVOID TRIGGER self=1 cmd=POSE_REQUEST(-40) source=1 target=0 seq=86 state=WAIT_PEER_POSE(1) retry=0 extra=1
COOP_AVOID TX self=1 cmd=POSE_REQUEST(-40) source=1 target=0 seq=86 state=WAIT_PEER_POSE(1) retry=0 extra=1
COOP_AVOID RX self=1 cmd=ACK(-34) source=0 target=1 seq=86 state=WAIT_PEER_POSE(1) retry=0 extra=0
COOP_AVOID ACK_MATCH self=1 cmd=POSE_REQUEST(-40) source=0 target=1 seq=86 state=WAIT_PEER_POSE(1) retry=0 extra=0
COOP_AVOID RX self=1 cmd=POSE_RESPONSE(-39) source=0 target=1 seq=86 state=WAIT_PEER_POSE(1) retry=0 extra=0
COOP_AVOID TX self=1 cmd=ACK(-34) source=1 target=0 seq=86 state=WAIT_PEER_POSE(1) retry=0 extra=-39
COOP_AVOID STATUS self=1 cmd=UNKNOWN(74) source=1 target=1 seq=0 state=NORMAL(0) retry=0 extra=0
gmapvalue = 0
ix = 893, iy = 920, GMapWidth = 1800, GMapHeight = 1800
target dynamic blocked in lasermap3
fullpath_error=TARGET_DYNAMIC_BLOCKED_LASER(1004)
Target point temporarily blocked by dynamic map, hold and retry.
COOP_AVOID STATUS self=1 cmd=UNKNOWN(74) source=1 target=1 seq=0 state=NORMAL(0) retry=0 extra=257
COOP_AVOID TRIGGER self=1 cmd=POSE_REQUEST(-40) source=1 target=0 seq=87 state=WAIT_PEER_POSE(1) retry=0 extra=1
COOP_AVOID TX self=1 cmd=POSE_REQUEST(-40) source=1 target=0 seq=87 state=WAIT_PEER_POSE(1) retry=0 extra=1
COOP_AVOID RX self=1 cmd=ACK(-34) source=0 target=1 seq=87 state=WAIT_PEER_POSE(1) retry=0 extra=0
COOP_AVOID ACK_MATCH self=1 cmd=POSE_REQUEST(-40) source=0 target=1 seq=87 state=WAIT_PEER_POSE(1) retry=0 extra=0
COOP_AVOID RX self=1 cmd=POSE_RESPONSE(-39) source=0 target=1 seq=87 state=WAIT_PEER_POSE(1) retry=0 extra=0
COOP_AVOID TX self=1 cmd=ACK(-34) source=1 target=0 seq=87 state=WAIT_PEER_POSE(1) retry=0 extra=-39
COOP_AVOID STATUS self=1 cmd=UNKNOWN(74) source=1 target=1 seq=0 state=NORMAL(0) retry=0 extra=0
gmapvalue = 0
ix = 893, iy = 920, GMapWidth = 1800, GMapHeight = 1800
target dynamic blocked in lasermap3
fullpath_error=TARGET_DYNAMIC_BLOCKED_LASER(1004)
Target point temporarily blocked by dynamic map, hold and retry.
COOP_AVOID STATUS self=1 cmd=UNKNOWN(74) source=1 target=1 seq=0 state=NORMAL(0) retry=0 extra=257
COOP_AVOID TRIGGER self=1 cmd=POSE_REQUEST(-40) source=1 target=0 seq=88 state=WAIT_PEER_POSE(1) retry=0 extra=1
COOP_AVOID TX self=1 cmd=POSE_REQUEST(-40) source=1 target=0 seq=88 state=WAIT_PEER_POSE(1) retry=0 extra=1
COOP_AVOID RX self=1 cmd=ACK(-34) source=0 target=1 seq=88 state=WAIT_PEER_POSE(1) retry=0 extra=0
COOP_AVOID ACK_MATCH self=1 cmd=POSE_REQUEST(-40) source=0 target=1 seq=88 state=WAIT_PEER_POSE(1) retry=0 extra=0
COOP_AVOID RX self=1 cmd=POSE_RESPONSE(-39) source=0 target=1 seq=88 state=WAIT_PEER_POSE(1) retry=0 extra=0
COOP_AVOID TX self=1 cmd=ACK(-34) source=1 target=0 seq=88 state=WAIT_PEER_POSE(1) retry=0 extra=-39
COOP_AVOID STATUS self=1 cmd=UNKNOWN(74) source=1 target=1 seq=0 state=NORMAL(0) retry=0 extra=0
gmapvalue = 0
ix = 893, iy = 920, GMapWidth = 1800, GMapHeight = 1800
